lea,name,community__totalPop,community__medianHouseIncome,community__totalHouses,community__race__white,community__race__black,community__race__hispanic,community__race__asian,community__race__native,community__race__hawaiian,community__race__other,community__race__multi,community__yearHSB__after2k,community__yearHSB__b7099,community__yearHSB__before70,community__housingType__house,community__housingType__other,childrenInSchool__health__disability,childrenInSchool__health__insuranceCov,childrenInSchool__povAndBen__belowPov,childrenInSchool__povAndBen__foodStamp,childrenInSchool__hhByType__married,childrenInSchool__hhByType__female,childrenInSchool__hhByType__male,act__composite,act__reading,act__english,act__math,act__science,demographic__other__englishLearners,demographic__other__lowIncome,demographic__other__sped,disChar__enrollment,disChar__avgClassSize,disChar__avgTeachExpYrs,disChar__perPupSpend,schoolEnviroment__expulsions,schoolEnviroment__weaponInc,schoolEnviroment__staffAssaults,schoolEnviroment__studentAssaults,schoolEnviroment__refLeo,schoolEnviroment__schoolArrests,schoolPerformance__attendance,schoolPerformance__dropout,schoolPerformance__a,schoolPerformance__b,schoolPerformance__c,schoolPerformance__d,schoolPerformance__f,teacherQuality__certified,teacherQuality__bachelors,teacherQuality__masters,teacherQuality__advanced
1701000,Alma School District,15792,50204,5929,93,1,3,0,1,0,0,2,19.8,54.3,19,80.2,19.8,3.2,94.7,15.4,19.5,72,25,3,20.46,20.85,20.24,19.46,20.71,1,48,13,3244,19,14,8905,0,0,0,0,0,0,93.87,0.46,0,2,2,0,0,99,65,25,2
501000,Alpena School District,2754,40189,1016,94,0,4,0,1,0,0,1,26.9,44.8,28.4,73.1,26.9,4.5,100,21.3,15.8,71,13,13,17.53,17.31,17.56,17.19,17.81,1,67,13,526,12,8,8944,1,1,0,1,0,0,93.01,2.1,1,0,1,0,0,100,58,40,0
1002000,Arkadelphia School District,15759,36574,6038,67,25,5,1,0,0,0,2,36.3,55,30.9,63.6,36.3,16.7,97.5,32,26.7,55,35,10,19.73,20.29,18.78,19.29,20.09,1,57,14,1745,15,14,11337,0,3,7,62,0,0,95.63,1.52,0,0,5,0,0,98.6,47,51,1
4701000,Armorel School District,1405,63661,539,91,3,5,0,0,0,0,1,31.4,57,5.3,68.5,31.4,7.7,92.5,4.5,2.6,87,13,0,19.34,20,18.78,17.81,19.81,3,45,14,412,12,11,11738,0,0,0,1,0,0,95.41,0,1,1,0,0,0,88.9,53,47,0
4101000,Ashdown School District,9304,35608,3988,74,20,4,0,1,0,0,2,28.5,64.6,26.6,71.5,28.5,13.3,99.3,27.9,36.1,48,46,5,19.52,20.05,19.52,18.43,19.29,1,63,12,1395,14,11,9842,0,1,0,2,0,0,94.04,2.05,0,1,3,0,0,100,53,45,1
5801000,Atkins School District,6652,39357,2503,96,1,1,0,0,0,0,1,35.2,55,20.9,64.9,35.2,7.8,93,17.6,31.1,66,31,2,20.47,20.02,20.42,20.05,20.75,1,65,18,952,12,11,10003,0,0,0,0,0,0,94.28,1.38,0,2,1,0,0,100,67,33,0
7401000,Augusta School District,3527,27096,1563,52,46,1,0,0,0,0,1,23.3,49.3,38.5,76.7,23.3,4.9,100,47.1,60,36,64,2,15.33,16.29,13.9,15.24,15,,86,12,369,8,12,14613,0,0,0,6,0,0,93.88,1.4,0,0,0,2,0,65.1,61,29,0
7301000,Bald Knob School District,7660,33908,2971,93,1,2,0,0,0,0,3,38.5,50.6,27.3,61.6,38.5,5.2,94.8,25.3,27.4,74,20,7,19.23,19.96,18.81,18.4,19.1,1,59,14,1190,14,4,9510,1,2,0,1,0,0,93.14,1.72,0,0,1,2,0,97.1,50,50,0
5401000,Barton-Lexa School District,3123,34189,1220,57,37,5,0,0,0,0,1,35,54.3,26.6,64.9,35,6.6,100,21,37,41,44,13,17.2,17.31,16.18,17.36,17.42,,86,12,725,11,11,10019,0,2,1,2,0,0,91.82,4.25,0,1,1,0,0,97.6,61,38,2
3201000,Batesville School District,20403,39671,7784,84,3,10,1,0,0,0,1,21.9,52.8,28.4,78.1,21.9,4.6,94.7,21.5,18.4,65,23,12,19.32,20.17,18.65,18.33,19.53,15,53,13,3065,18,11,9974,1,2,2,1,1,1,94.17,0.57,1,1,3,0,0,92.6,57,41,1
6301000,Bauxite School District,6217,57589,2166,91,5,4,0,0,0,0,0,28.4,47.1,12.9,71.6,28.4,6,98.2,8.7,16.5,77,17,5,19.7,20.74,19.29,17.98,20.05,1,40,10,1698,14,10,7787,0,1,4,0,0,0,92.84,0.63,0,2,2,0,0,100,69,31,1
1601000,Bay School District,2907,42024,1092,94,2,1,0,0,0,0,2,23.3,55.1,27.4,76.6,23.3,7.9,98.3,9.3,23.9,67,16,16,20.57,22.1,20.98,18.26,20.26,0,65,18,622,15,9,8925,1,2,0,1,0,0,92.76,1.06,0,0,2,0,0,97.1,51,42,2
5201000,Bearden School District,3062,34508,1247,71,25,0,0,0,0,0,3,31.5,53.5,33.1,68.5,31.5,13.6,96.6,35.6,23.3,48,45,5,17.85,17.83,18.05,17.25,17.75,,71,11,483,10,8,10696,0,0,0,4,0,0,96.17,0.45,0,0,1,1,0,96,68,32,0
7302000,Beebe School District,18975,51514,6996,93,3,2,1,0,0,0,2,28.9,54.3,15.7,71.1,28.9,4.8,95.3,11.4,18,62,32,3,21.1,21.79,20.95,19.88,21.17,2,49,15,3265,16,11,9371,0,12,0,0,0,0,91.7,0.66,0,3,2,0,0,100,52,45,3
6302000,Benton School District,31334,52961,11872,84,7,6,1,0,0,0,2,20.9,49.5,27.9,79.1,20.9,7.5,94.2,8,14.3,70,22,8,21.68,21.97,21.59,21.04,21.51,4,40,10,5547,19,13,7585,2,7,21,29,1,0,94.97,0.92,4,2,1,0,0,99.7,47,34,0
401000,Bentonville School District,90537,75453,32736,81,2,8,6,1,0,0,2,17.4,48,7.9,82.4,17.4,2.9,97.9,4.4,5,78,15,5,22.44,23.23,22.61,20.98,22.26,4,23,10,17225,20,13,10040,24,24,15,47,2,2,94.24,0.84,17,4,0,0,0,99.5,43,52,1
502000,Bergman School District,4919,44375,1786,96,0,2,0,0,0,0,2,25.9,60.5,13.1,74.1,25.9,10.9,100,6.8,18.7,85,8,8,20.67,21.41,19.74,20.32,20.7,0,61,11,1085,15,13,8811,0,1,0,2,0,0,97.03,1.68,1,2,0,0,0,100,62,38,0
801000,Berryville School District,11365,39226,4033,78,0,18,1,0,1,0,1,28.9,54.5,26,71.1,28.9,2,98.1,16.2,18.2,66,23,10,19.74,19.77,19.06,19.48,20.16,18,71,16,1889,16,3,9512,1,4,1,11,0,0,92.75,3.1,0,1,3,0,0,100,52,47,0
3001000,Bismarck School District,6838,44533,2566,90,1,5,1,1,0,0,3,42,51.3,11.8,58,42,7.9,98.1,7.2,5.2,66,23,10,21.65,21.69,21.55,21.27,21.62,2,64,14,996,14,12,8875,0,2,0,0,0,0,94.94,0.21,3,0,0,0,0,100,51,49,0
2901000,Blevins School District,3621,50429,1380,75,15,4,0,1,0,0,6,26.8,48.2,44.5,73.3,26.8,11.5,95.6,13.4,14.3,86,13,1,18.96,19.52,18.83,17.96,18.87,6,82,13,492,14,10,9485,3,0,0,0,0,0,93.02,4.21,0,0,2,0,0,100,69,28,0
4702000,Blytheville School District,15959,35313,6571,39,56,3,1,0,0,0,1,20.7,45.1,49.1,79.3,20.7,2,97.5,35.8,35.6,35,52,12,16,16.35,14.69,15.66,16.66,3,80,13,2000,15,11,11556,0,4,9,8,0,0,92.17,3.79,0,0,0,3,1,77.7,61,38,1
4201000,Booneville School District,7484,37949,2735,93,0,6,0,0,0,0,1,25,50.2,30.4,75,25,10.1,100,16.8,31.8,65,24,11,19.61,19.97,18.47,19.67,19.75,0,72,13,1183,12,13,10239,0,0,3,4,0,0,94.43,0.38,0,0,3,0,0,100,68,32,0
7303000,Bradford School District,2760,41250,1117,95,1,4,0,0,0,0,0,37.7,53.4,26.8,62.3,37.7,6.9,99,13.4,23.6,82,16,2,19.72,20.28,18.4,19.6,19.76,,79,19,433,9,11,10598,0,0,0,0,0,0,94.19,0,0,0,1,1,0,100,50,41,0
4801000,Brinkley School District,3991,31698,1731,53,41,3,1,0,0,0,2,27.7,50.9,36.6,72.2,27.7,8.5,100,37.7,39.1,22,64,14,17.17,17.28,16.72,16.72,17.59,,79,14,462,14,11,12135,0,0,0,1,0,0,95.01,2.23,0,0,0,2,0,88.6,34,8,0
1603000,Brookland School District,10058,60063,3858,97,1,1,0,0,0,0,1,27.3,33.3,14.3,72.6,27.3,8.6,94.2,9.7,13.1,77,12,12,19.94,20.63,19.33,19.06,20.14,1,31,14,2557,17,10,8473,0,3,0,0,0,0,94.08,0.55,0,4,0,0,0,100,55,44,1
6303000,Bryant School District,52319,62363,19107,83,9,5,2,0,0,0,2,29.6,46.1,9.5,70.5,29.6,9.4,97.1,7.5,12.8,65,26,9,20.83,21.22,20.87,19.93,20.7,7,38,12,9136,18,13,9176,4,11,6,16,3,0,94.27,1.36,4,7,0,0,0,100,42,54,2
1605000,Buffalo Is. Central Sch. Dist.,4700,37845,1866,91,0,8,0,0,0,0,1,20.8,44.8,46.7,79.3,20.8,8.8,98.2,20.4,16.2,66,27,7,20.72,21.52,20.5,19.57,20.67,11,55,14,724,12,6,11417,0,0,0,0,0,0,94.14,3.51,0,2,0,0,0,97.2,63,31,0
4304000,Cabot School District,51985,59389,19036,90,1,5,1,1,0,0,2,24.5,49.4,6.3,75.6,24.5,5.1,97,12.7,14.2,68,22,9,21.17,21.6,20.82,20.43,21.25,2,39,13,10292,18,13,9040,10,24,7,19,0,0,93.8,1.48,8,6,1,0,0,94.2,52,43,0
4901000,Caddo Hills School District,3559,29679,1428,91,0,7,0,0,0,1,1,30.5,46.2,35.7,69.5,30.5,23.4,100,31.7,55.7,75,21,1,19.3,20.3,18.38,18.59,19.57,1,79,13,557,12,8,9973,0,0,0,3,0,0,95.07,2.23,0,2,0,0,0,97.5,65,35,0
3301000,Calico Rock School District,4080,39978,1249,87,6,5,0,1,0,0,1,17.6,52.4,29.2,82.5,17.6,0,98.6,13,7.1,80,7,11,19.84,20.63,18.68,18.84,20.47,1,70,12,367,11,8,11035,1,1,0,0,0,0,93.77,2.52,1,1,0,0,0,100,67,28,0
5204000,Camden Fairview School District,18801,31007,7713,50,46,3,0,0,0,0,1,22.5,46,48,77.5,22.5,5.7,98.3,41.7,34.4,42,50,9,16.93,17.31,15.97,16.68,17.28,2,76,12,2369,15,11,10733,15,17,16,177,0,0,94,2.45,0,0,2,3,0,96.5,68,30,1
4303000,Carlisle School District,4210,47788,1574,84,14,1,0,0,0,0,1,26.1,52.7,29.7,74,26.1,3.3,86.3,7.1,13.4,51,42,6,17.81,18.86,17.38,16.62,17.76,2,61,12,634,11,8,10776,1,4,0,5,0,0,93.76,2.36,0,0,2,0,0,100,50,50,0
6802000,Cave City School District,8685,35907,3410,92,1,2,0,1,0,0,5,27.9,58.4,18.9,72.1,27.9,3.9,96.6,30.5,37,60,23,9,19.01,19.25,18.68,18.1,19.58,1,77,15,1203,15,12,9998,0,0,0,0,0,0,95.68,0,0,2,1,0,0,99,39,60,0
3212000,Cedar Ridge School District,4639,40132,1947,96,1,2,0,0,0,0,1,37.2,50.7,29.8,62.8,37.2,0.5,100,29.6,28.1,57,28,13,18.07,18.6,17.58,17.24,18.31,1,72,16,733,12,11,13265,5,8,1,0,1,1,94.37,1.78,0,0,2,0,0,100,51,48,2
1702000,Cedarville School District,4874,46691,1955,86,0,2,1,4,0,0,8,28.9,56.4,13.6,71.1,28.9,11.1,93.2,17.1,15.2,79,4,17,18.54,19.15,17.49,18.17,18.66,,72,20,745,12,13,10858,0,1,2,3,0,0,94.38,0.53,0,2,1,0,0,100,44,50,0
5502000,Centerpoint School District,4979,36065,1916,86,1,10,0,1,0,0,2,34.2,51.8,29.3,65.8,34.2,10.1,93.2,24.8,24.6,68,22,10,19.77,20.45,18.83,18.88,20.3,13,71,14,964,13,9,9697,5,2,0,1,0,0,95.1,0.7,0,1,1,0,0,100,45,51,0
2402000,Charleston School District,5549,53547,1996,95,1,2,0,1,0,0,2,18.2,60,26.2,81.7,18.2,1,100,6.5,10.8,78,16,7,21.35,21.95,21.41,20.09,21.32,,48,12,902,15,14,8830,0,0,0,0,0,0,96.03,2.08,0,2,0,0,0,100,61,39,0
4802000,Clarendon School District,3491,31125,1625,58,38,2,0,0,0,0,2,29.1,51.5,36.8,70.8,29.1,11.3,97,36,32.8,43,50,7,16.95,17.45,15.5,16.84,17.42,5,92,18,456,11,8,13901,0,3,0,0,0,0,96.92,2.07,0,0,0,1,1,68.9,63,26,0
3601000,Clarksville School District,14699,36776,5444,72,3,21,1,0,0,0,3,27.3,51.7,26.5,72.7,27.3,4.3,97,20.3,21.6,74,21,5,18.96,19.49,18.35,18.22,19.26,25,71,14,2530,17,12,9546,7,3,1,0,0,0,94.9,0.68,0,1,4,0,0,100,51,47,1
1305000,Cleveland County School District,5048,42863,2017,79,18,1,0,1,0,0,3,32.9,64.6,25.5,67.2,32.9,16.9,95.3,18.6,17.6,65,24,12,20.15,20.64,19.07,20.08,20.25,2,58,14,832,13,10,12115,0,7,1,6,0,0,94.69,0.25,0,2,1,0,0,100,47,53,0
7102000,Clinton School District,8273,32884,3457,95,0,2,0,1,0,0,2,31.4,54.7,22.8,68.5,31.4,5.4,93.8,32.8,32.3,69,22,8,19.18,19.55,18.7,18.92,18.99,3,70,16,1255,12,9,10965,0,2,0,0,0,0,93.53,2.53,1,1,1,0,0,100,52,47,0
1201000,Concord School District,3894,35826,1650,95,0,3,0,1,0,0,1,34.1,50.5,25.6,65.8,34.1,5.9,91.1,25.2,16.7,67,30,3,21.04,21.32,20.79,21.11,20.29,0,64,16,455,12,7,11984,0,1,0,3,0,0,95.62,0.49,1,0,1,0,0,100,56,39,0
2301000,Conway School District,76890,47669,28202,73,17,5,2,0,0,1,2,39.5,49.9,12.5,60.6,39.5,6.6,93.7,14.4,18,63,30,6,21.26,21.92,21,20.23,21.28,5,49,12,9975,19,14,9547,15,18,4,15,0,0,94.06,2.5,7,7,1,0,0,100,39,57,3
1101000,Corning School District,6443,29622,2858,96,1,2,0,0,0,0,1,19.9,51.2,41.9,80.1,19.9,7.2,98.1,35.8,34.6,55,28,10,18.42,19.04,17.42,18.32,18.66,,73,14,844,13,14,9830,0,2,0,4,0,0,94.18,0,0,2,1,0,0,100,49,51,0
5707000,Cossatot River School District,5506,30997,2081,80,0,16,0,2,0,1,1,29.9,52.4,31.7,70.2,29.9,5.5,90.8,39.8,30.6,66,24,10,18.42,18.55,17.84,17.66,19.01,18,76,13,986,11,8,10607,0,0,0,6,0,0,92.68,1.79,0,2,2,0,0,100,58,42,0
302000,Cotter School District,4970,38547,1927,96,0,2,0,0,0,0,2,15.8,56.8,21.1,84.1,15.8,9.2,99.5,25.2,24.6,72,18,6,20.76,21.05,21.18,19.55,20.79,1,70,14,748,12,7,8889,1,3,0,0,0,0,94.41,1.81,0,1,1,0,0,100,59,41,0
2403000,County Line School District,3143,44119,1251,92,0,1,0,6,0,0,1,12.6,62.2,27.5,87.4,12.6,9.9,83.8,6.9,35.4,56,31,10,21.03,21.25,20.38,20.03,21.66,2,72,12,488,12,10,9599,0,0,0,0,0,0,96.22,0,2,0,0,0,0,100,76,24,0
1901000,Cross County School District,3689,33704,1628,87,3,0,0,0,0,0,9,29.7,49.5,38.4,70.2,29.7,0.7,94.4,24,22.7,69,27,5,18.48,18.28,18.43,17.85,18.85,1,72,12,581,15,8,12159,0,0,0,14,0,0,90.96,1.14,1,0,1,0,0,73.5,59,37,0
201000,Crossett School District,11876,36058,4627,67,26,6,0,0,0,0,1,24.5,47.3,43.1,75.5,24.5,10.9,97.4,25.5,32.5,65,30,5,18.1,19.01,17.24,17.42,18.04,2,63,9,1633,14,9,10140,0,2,1,58,0,0,95.95,0.97,0,0,3,0,0,88.3,53,45,2
2601000,Cutter-Morning Star School District,3445,50036,1229,92,1,2,0,0,0,0,5,28.7,50.5,32.9,71.3,28.7,,,,,,,,19.12,19.88,18.19,18.23,19.54,3,75,14,632,15,7,9014,0,0,0,0,0,0,95.87,0.99,0,0,2,0,0,100,51,47,0
7503000,Danville School District,3704,41779,1153,65,1,30,2,2,0,0,0,29.7,57.1,19.3,70.1,29.7,6.3,95.8,26.6,37.4,56,36,6,18.54,18.23,17.99,18.14,19.11,29,77,16,842,12,11,10200,0,0,0,0,0,0,97,0,1,2,0,0,0,100,57,43,0
7504000,Dardanelle School District,10166,40679,3635,74,3,22,0,0,0,0,1,22.1,48.7,21,77.7,22.1,6,91.1,17.7,13.6,63,25,12,20.22,20.71,19.74,19.83,20.09,20,70,15,2167,18,14,9256,0,7,0,1,0,0,93.84,0.64,0,3,1,0,0,100,52,47,1
402000,Decatur School District,3912,44623,1346,65,0,23,3,2,0,2,6,30.1,57.4,27.3,69.9,30.1,7.1,94,27.8,12.9,68,14,18,16.16,16.08,14.08,16.4,17.32,29,79,13,553,12,6,11317,0,0,0,10,0,0,91.47,1.32,0,0,1,2,0,98.5,62,36,0
5106000,Deer/Mt. Judea School District,2288,36000,912,92,0,4,0,3,0,0,2,14.3,52.4,39.6,85.7,14.3,0.9,97.9,11,22.2,92,6,2,17.03,17.06,16.97,15.77,18.29,,72,10,377,9,8,12221,0,0,0,2,0,0,96.08,0,0,0,2,0,0,92.9,36,40,0
6701000,Dequeen School District,14154,44535,4709,57,4,35,1,2,0,0,2,31.3,59.5,24.4,68.7,31.3,5.9,91.9,26.7,24.7,72,24,4,19.58,20.64,18.2,19.03,19.72,39,74,8,2411,14,14,9557,4,1,0,2,0,0,93.72,2.23,2,2,1,0,0,100,46,54,0
901000,Dermott School District,3469,30000,1232,29,67,3,1,0,0,0,0,24.3,49.7,43.7,75.7,24.3,11.7,100,50.1,57.7,47,44,10,15.47,15.16,14.63,15.68,16,0,94,17,343,8,1,14305,0,1,0,5,0,0,93.8,2.84,0,0,0,2,0,86.5,63,8,0
5901000,Des Arc School District,3534,41201,1673,87,11,0,0,1,0,0,1,34.2,50.6,24.9,65.7,34.2,15.9,100,6.9,24.2,74,23,3,20.43,20.45,20.93,19.73,19.95,1,71,13,564,15,8,9467,1,0,0,1,0,0,92.26,3.46,2,0,0,0,0,100,53,47,0
101000,Dewitt School District,8789,38013,3715,81,15,3,0,0,0,0,1,31.7,46,40.3,68.3,31.7,22.9,99.6,18.2,29.3,63,30,6,19.13,19.71,18.76,18.37,19,3,60,12,1219,14,12,9841,0,6,0,0,0,0,94.54,4.04,1,2,1,0,0,92.5,62,37,1
3102000,Dierks School District,2344,40880,899,93,0,4,0,0,0,0,3,27.1,41.9,34.9,73,27.1,3.8,93.2,5.3,2.1,66,21,11,19.71,20.44,19.71,18.76,19.27,3,65,12,571,13,8,9828,0,1,1,0,0,0,93.12,1.6,0,1,1,0,0,100,40,60,0
3502000,Dollarway School District,12450,31389,4030,36,60,3,0,0,0,0,1,28.9,51.7,37.3,71.1,28.9,10.6,99.1,43.4,50.5,41,46,9,15.76,15.49,14.33,15.82,16.47,2,93,15,961,13,9,14873,0,4,14,136,0,0,90.85,4.25,0,0,0,0,3,79.6,62,34,0
5802000,Dover School District,7419,44913,2882,95,0,1,1,1,0,0,2,21.6,55.4,21.2,78.4,21.6,2.4,96.6,16.7,18,76,9,11,20.38,21.66,20.5,18.16,20.43,1,62,16,1351,14,10,9202,0,0,1,0,1,0,93.32,1.26,1,1,1,0,0,99.3,60,40,0
2202000,Drew Central School District,6442,38050,2321,74,21,3,0,0,0,0,1,47.7,55.1,26.9,52.2,47.7,7.8,96.3,18.5,18.3,65,27,5,17.46,18.3,16.22,16.96,17.78,5,73,16,1029,15,10,10113,1,1,1,2,0,0,94.16,2.38,0,0,1,2,0,97.2,51,31,0
2104000,Dumas School District,12701,29037,3441,45,50,5,0,0,0,0,0,39.3,58.2,30.7,60.8,39.3,7,91,36.4,34.3,55,40,2,17.09,17.93,16.93,16.2,16.58,8,80,12,1215,13,4,11215,0,1,2,5,0,0,94.73,2.97,0,0,1,3,0,88.4,66,31,1
1802000,Earle School District,2920,30813,1141,25,69,2,0,0,0,0,5,33.8,50,40.8,66.2,33.8,3.4,97.8,33,46.4,52,45,4,15.7,16.11,14.04,16.13,15.83,,95,13,540,13,9,13107,0,0,1,3,0,0,92.7,2.54,0,0,0,1,1,64.9,60,36,0
5301000,East End School District,3689,46820,1329,94,5,0,0,0,0,0,1,30.9,54.1,14.4,69.1,30.9,8,100,19.5,22.7,86,7,7,18.73,19.44,17.66,18.29,18.68,4,64,18,654,13,5,9629,0,1,0,0,0,0,94.39,0.36,0,1,1,0,0,100,46,15,0
5608000,East Poinsett Co. School Dist.,3641,35583,1366,85,8,3,0,0,0,0,3,25.7,48.7,40.5,74.3,25.7,9.8,93.1,37.8,44.7,51,35,13,18.77,19.48,18.13,18.19,18.65,3,73,17,662,15,10,10404,0,0,2,0,0,0,95.07,0.62,0,1,2,0,0,100,77,21,2
7001000,El Dorado School District,25073,39386,10058,52,40,5,1,1,0,0,1,28.9,44.1,47.2,71,28.9,7,96.5,31,24.8,46,42,12,18.85,19.6,17.93,18,19.18,5,64,9,4278,18,10,9423,0,3,3,11,0,0,93.92,0.93,1,0,4,2,0,91,67,32,0
7201000,Elkins School District,5846,57833,2038,94,0,3,1,0,0,0,2,15,51.7,19.2,85,15,4.1,98,11,9.8,80,13,3,19.14,19.31,18.78,18.41,19.38,2,47,11,1270,17,10,8660,4,2,0,8,0,0,96.96,1,0,4,0,0,0,100,59,39,1
1408000,Emerson-Taylor-Bradley School District,5114,33194,2088,80,18,0,0,0,0,0,2,32.9,41.4,41.4,67.2,32.9,8.9,96.9,9.7,15,75,18,5,19.7,19.85,19.65,19.22,19.57,,51,10,1025,12,11,10777,0,1,2,15,0,0,95.36,1.74,2,3,1,0,0,99.2,49,51,0
4302000,England School District,4252,42418,1571,69,27,3,0,0,0,0,2,22.1,55.5,32.3,77.8,22.1,5.5,97,27,18.2,61,32,8,18.62,19.5,17.98,17.4,18.69,6,76,16,669,10,6,10715,1,1,1,1,0,0,92.63,5.41,0,0,1,1,0,100,68,32,0
802000,Eureka Springs School District,7794,38971,3726,91,1,6,1,1,0,0,1,20.4,53.5,24,79.7,20.4,13.3,98.6,25.5,12.8,62,37,0,23.09,23,22.53,22.47,23.41,7,58,14,600,10,8,13397,0,0,0,0,0,0,91.38,0,1,1,1,0,0,100,48,51,0
7202000,Farmington School District,11833,54883,4848,90,2,4,0,1,0,0,3,11.9,51.7,15.3,88.1,11.9,3.2,86,5.6,5.3,84,8,6,20.6,21.27,20.13,19.62,20.74,4,31,12,2511,17,5,8385,0,0,0,0,0,0,94.16,0.52,3,2,0,0,0,100,51,49,0
7203000,Fayetteville School District,87807,41953,35809,79,6,7,3,1,0,0,3,45.8,51.8,17.6,54.3,45.8,5.6,93,14.6,16.5,61,24,14,22.24,23.04,22.43,21.02,21.87,8,37,13,10334,18,13,11167,7,14,7,36,0,0,93.52,2.32,6,6,3,0,0,95,29,67,2
4501000,Flippin School District,7351,36905,3026,94,0,2,1,1,0,0,2,21.4,65.9,22.3,78.6,21.4,14.3,92.7,23.5,43.8,61,27,13,18.86,19.67,17.89,18.08,19.06,0,73,16,870,14,12,9936,0,1,0,0,0,0,93.3,2.11,0,1,2,0,0,100,45,55,0
2002000,Fordyce School District,5108,34030,2161,51,43,1,2,1,0,0,2,29.2,46.7,40.6,70.8,29.2,5.9,100,4.6,39.4,51,38,11,16.7,17.23,15.73,16.23,16.9,2,70,13,764,12,8,12973,2,2,4,16,0,0,95.17,2.19,0,0,2,0,0,95.1,67,32,0
4102000,Foreman School District,2577,41351,1098,68,27,1,0,2,0,0,2,27.9,60.8,26.7,72,27.9,5.2,92.9,19.4,26.6,58,36,6,18.02,18.69,17.64,17.4,17.81,2,68,13,526,14,11,9121,0,1,2,1,1,0,96.63,0.4,0,1,1,0,0,97.9,65,35,0
6201000,Forrest City School District,22344,33134,7509,37,58,3,1,0,0,0,1,34.9,63.1,25.1,65.1,34.9,8.7,93.7,31.3,41.8,43,43,10,15.48,15.28,14.35,15.69,15.99,2,83,15,2206,17,14,13054,2,2,8,21,0,0,93.78,3.02,0,0,0,4,1,63.3,60,32,4
6601000,Fort Smith School District,89742,36178,36118,62,9,19,6,1,0,0,4,31.6,46.2,42.4,68.5,31.6,8.2,92.8,34.7,36.6,52,33,13,19.89,20.27,19.49,19.03,20.12,23,72,13,14119,19,14,10688,0,34,31,70,5,4,93.63,1.33,1,11,11,2,0,100,54,43,2
4603000,Fouke School District,5741,47887,2224,94,3,0,2,0,0,0,1,33.8,61.1,18,66.3,33.8,1.1,95.5,10.6,18,71,22,6,18.57,19.52,17.82,17.78,18.55,,59,9,1089,15,14,10691,0,2,1,6,0,0,91.76,1.84,0,1,2,0,0,100,66,32,0
2602000,Fountain Lake School District,14115,54672,6717,95,1,2,0,0,0,0,2,12.5,60,8.6,87.5,12.5,5.4,92.4,9.9,8.1,63,24,6,20.45,20.89,20.12,19.78,20.39,2,53,14,1377,14,11,10122,3,3,0,3,0,0,95.75,1.65,0,2,1,0,0,85,56,42,0
4602000,Genoa Central School District,4651,51358,1753,100,0,0,0,0,0,0,0,40.6,55.9,8.5,59.3,40.6,1.4,98.1,13.7,9.4,81,10,1,20.12,20.72,19.76,19.69,19.86,1,42,7,1176,15,11,8191,0,1,0,0,0,0,94.63,2,2,1,0,0,0,100,67,27,0
403000,Gentry School District,8436,49534,2910,81,1,9,3,2,0,0,3,20.9,50.5,20.8,79,20.9,8.3,98.3,15.8,20.6,51,24,26,19.86,20.88,19.26,18.92,19.6,12,60,12,1442,15,11,10000,2,4,1,1,1,0,92.94,2.24,0,1,3,0,0,100,55,32,1
3002000,Glen Rose School District,5557,51217,1843,98,0,0,0,0,0,0,1,45.5,54.1,24.5,54.5,45.5,11.2,89.7,22.5,25.4,74,13,13,20.03,19.98,19.79,19.49,20.35,0,53,13,1031,15,12,9178,6,0,1,3,0,0,94.25,0.84,0,1,2,0,0,100,48,52,0
4708000,Gosnell School District,5847,47616,2112,77,15,3,0,0,0,0,5,38,63.2,29.1,62.1,38,11.1,96,15,12,74,15,12,19.55,18.83,19.33,19.91,19.5,1,72,13,1276,14,15,9785,0,4,1,2,0,0,93.96,0.51,0,1,1,0,0,98.1,69,31,0
404000,Gravette School District,15301,56236,6454,93,0,4,0,2,0,0,1,9.6,51.1,13.1,90.4,9.6,3.9,96.4,11.5,5.9,72,21,8,20.25,20.66,19.67,19.65,20.33,4,49,14,1877,18,12,9530,8,1,11,9,0,0,93.48,2.2,2,0,2,0,0,100,55,34,0
803000,Green Forest School District,7795,41613,2701,74,0,19,1,1,0,0,4,28.3,50.8,29,71.7,28.3,3.7,96,15.7,20.8,80,14,5,18.12,18.69,16.7,18.04,18.49,37,83,13,1325,14,11,9833,0,7,6,9,0,0,93.81,2.25,1,0,2,0,0,99.3,37,63,0
2303000,Greenbrier School District,15934,53087,5712,93,1,3,0,1,0,0,2,26.6,48.2,10.6,73.3,26.6,7.1,97.6,9.3,12,79,14,6,22.19,22.22,22,21.72,22.19,1,38,9,3540,17,9,8764,7,7,1,0,0,0,94.06,1.24,7,0,0,0,0,100,45,53,2
2807000,Greene County Tech School District,20357,50099,7638,94,1,3,1,1,0,0,2,23.2,59.5,18.1,76.7,23.2,15.2,96.7,16.8,19.7,67,25,8,19.56,20.24,19.07,18.55,19.65,2,50,17,3592,18,15,9312,16,1,0,0,0,0,93.46,0.36,0,2,4,0,0,100,42,57,1
7204000,Greenland School District,7015,46224,2621,86,1,9,1,1,1,0,2,17.1,46.3,23.7,82.9,17.1,4.8,94.9,22.5,10.4,63,30,5,19.1,19.9,18.58,18.31,18.62,3,64,16,766,12,9,10338,0,0,0,0,0,0,94.27,1.09,0,0,3,0,0,98.6,63,35,0
6602000,Greenwood School District,20387,61754,7828,94,1,1,2,1,0,0,2,16.9,53.4,13.9,83.1,16.9,6,95.6,12.2,12.2,81,16,3,22.49,22.42,22.82,21.84,22.27,2,34,14,3778,17,11,9171,15,1,3,6,1,1,95.89,0.4,4,2,0,0,0,98.9,66,31,2
1003000,Gurdon School District,4389,37761,1866,63,31,5,0,0,0,0,1,28.5,59.1,23.2,71.6,28.5,8.1,98.5,18.5,26.3,61,33,6,16.66,16.47,16.22,16.34,16.69,8,75,14,686,13,9,10814,3,0,0,1,0,0,93.35,1.67,0,0,1,2,0,97.1,61,39,0
2304000,Guy-Perkins School District,2141,50733,765,86,13,0,0,0,0,0,2,38.1,55.5,14.4,62,38.1,9.4,97,14.9,30.6,81,14,6,19.52,20.56,20.04,17.81,19.33,,67,19,335,10,6,11906,0,0,0,3,0,0,97.77,0.68,0,1,1,0,0,100,53,45,0
6603000,Hackett School District,5753,42140,2191,85,0,4,1,4,0,0,6,20.9,49.1,29.8,79.1,20.9,4.7,92.2,32.8,31.7,67,28,6,18.2,18.66,17.43,17.91,18.36,1,70,14,756,15,13,9495,0,6,0,1,0,0,95.32,1.06,0,1,1,0,0,100,66,34,0
203000,Hamburg School District,8532,38583,3412,71,24,4,0,0,0,0,1,37.4,56.6,29.3,62.5,37.4,9.8,98.4,20.5,19.8,78,15,7,19.42,19.6,18.84,19,19.32,12,66,10,1721,17,12,9710,3,8,1,6,0,0,94.83,2.16,1,0,3,0,0,94.3,50,50,0
701000,Hampton School District,3759,36557,1592,71,23,5,0,0,0,0,1,30.5,50.3,38.3,69.5,30.5,22.3,98.1,31.9,26.4,63,21,17,16.63,16.38,15.45,16.8,17.2,1,73,14,573,13,9,10993,1,0,0,1,0,0,96.49,0.78,0,0,1,1,0,100,68,30,0
5205000,Harmony Grove School District (Ouachita),5053,37335,2030,76,20,3,0,0,0,0,1,29.5,58.2,31.6,70.5,29.5,7.3,98.6,22.8,21.1,79,18,1,19.25,20.05,18.63,18.75,19.02,0,55,12,935,10,7,9562,3,1,0,0,0,0,94.88,2.05,0,2,1,1,0,100,65,30,0
6304000,Harmony Grove Sch Dist(Saline),5705,68663,1682,94,3,2,0,0,0,0,1,24.5,49.4,16.7,75.5,24.5,10,97.7,5.4,33.6,68,27,5,18.91,18.63,17.8,18.98,19.55,1,37,12,1234,16,11,8597,1,4,0,1,0,0,94.83,0.51,1,0,3,0,0,100,64,24,2
5602000,Harrisburg School District,6887,40168,2718,95,1,2,0,0,0,0,2,23.3,50.1,40,76.7,23.3,8.9,99.5,13.1,26,54,32,9,18.78,19.44,18.38,17.85,18.76,1,74,19,1191,15,10,11084,0,5,4,27,0,0,94.03,1.85,1,0,2,1,0,92.8,40,56,3
503000,Harrison School District,21124,41059,8823,93,1,3,1,1,0,0,1,22.8,54.7,32.3,77.3,22.8,6.1,97.8,18.8,26.4,70,21,9,21.18,21.88,21.01,19.94,21.38,1,51,11,2686,18,13,9161,4,3,0,1,0,0,93.32,1.64,4,1,0,0,0,100,52,47,1
5903000,Hazen School District,4718,42031,2227,83,16,1,0,0,0,0,0,30.7,43.4,39.5,69.3,30.7,15.2,94,22.9,19.4,59,31,9,19.89,20.02,18.41,20.14,20.18,1,71,15,569,12,8,10310,0,0,0,0,0,0,93.53,0.76,0,0,2,0,0,100,58,42,0
1202000,Heber Springs School District,11880,43670,5000,94,1,4,1,0,0,0,0,25.7,65.8,13.6,74.1,25.7,2.4,94.3,24.9,14.1,67,29,4,20.68,21.49,20.18,19.81,20.65,1,54,15,1602,14,10,9605,0,0,0,5,0,0,95.95,1.64,1,2,0,0,0,99.3,51,49,0
5803000,Hector School District,3806,41953,1465,95,1,2,0,0,0,0,1,29.3,57.9,22.5,70.7,29.3,8.3,94.6,23.8,23.5,72,12,13,21.08,23.28,20.56,18.82,21.03,1,73,16,576,12,9,10187,0,0,0,0,0,0,95,1.52,0,1,0,1,0,100,55,45,0
5403000,Helena/ West Helena School District,12646,24151,4927,27,72,0,0,0,0,0,1,32.8,48.8,46.7,67.1,32.8,11.5,89.4,48,49.5,38,53,10,15.56,15.43,14.87,15.37,15.79,0,97,12,1244,13,14,12882,4,2,1,4,0,0,92.9,3.41,0,0,0,2,0,61.5,63,37,0
601000,Hermitage School District,2566,50130,1124,66,21,13,0,0,0,0,0,44.6,62.7,22.8,55.4,44.6,14.5,99.1,43,46.8,47,39,15,18.84,19.53,18.47,17.91,18.5,19,75,11,427,12,6,12449,0,3,2,4,0,0,95.26,1.39,0,0,2,0,0,84.8,63,37,0
6804000,Highland School District,12347,33080,5372,94,0,2,1,1,0,0,3,16.6,66.4,17.3,83.4,16.6,7.5,95.8,21.5,36.7,68,16,12,20.1,20.72,19.81,19.28,20.02,0,73,11,1639,15,12,9339,0,3,3,3,0,0,93.88,1.42,0,2,1,0,0,100,61,36,0
3809000,Hillcrest School District,3744,46597,1422,97,0,0,0,1,0,0,2,28.5,56.2,22.8,71.5,28.5,20.9,98.5,32.7,32.8,67,24,9,19.04,19,18.36,18.04,19.72,1,71,16,411,12,6,12214,0,0,0,0,0,0,95.9,0,0,1,1,0,0,100,48,50,0
2903000,Hope School District,15120,34868,5391,49,35,14,0,0,0,0,2,25.7,54.1,36.8,74.3,25.7,7.8,95.3,35.2,25.9,50,40,8,15.77,16.36,14.54,15.74,15.81,24,83,12,2239,14,12,11389,5,4,27,98,0,0,91.68,2.31,0,1,2,2,0,81.1,56,43,0
6703000,Horatio School District,3566,39964,1401,67,7,22,0,1,0,0,3,25,61.4,28.1,75,25,6.3,96.2,33.4,31.9,64,19,13,18.21,19.08,17.33,17.54,18.48,13,74,11,852,13,11,9898,0,3,0,0,0,0,94.55,1.33,0,1,1,0,0,98.7,49,49,3
2603000,Hot Springs School District,30605,29628,13454,67,19,9,1,1,0,0,4,37,33.3,55.6,63,37,11.4,93.9,39.8,39.1,44,39,11,17.84,18.59,17.54,16.89,17.76,10,82,16,3532,16,9,10886,0,3,5,22,0,0,93.07,3.09,1,0,3,3,0,98.5,67,28,3
3804000,Hoxie School District,3612,32361,1529,96,0,2,0,1,0,0,0,21.3,51.8,41.5,78.7,21.3,9.8,98.6,26.7,35.5,53,32,15,20.18,20.48,20.52,18.69,20.52,,75,17,817,12,11,10574,0,0,1,0,0,0,95.09,0,0,1,1,0,0,100,52,46,0
4401000,Huntsville School District,15043,42976,5746,89,0,6,0,1,1,0,3,23,48.2,25.3,77.1,23,7,90,16.1,13.5,79,15,5,20.05,20.54,19.54,19.14,20.31,6,64,12,2217,15,11,10163,0,5,0,9,0,0,95.58,3.06,0,1,4,1,0,99,66,33,1
3306000,Izard County Consolidated School District,4579,32526,2050,95,0,1,0,3,0,0,1,23.7,70.4,19.3,76.2,23.7,9.1,87.5,32.5,30.4,68,16,9,21.06,21.75,21.03,20.13,20.88,,75,16,510,12,9,10748,0,0,0,2,0,0,93.26,0,0,1,2,0,0,98.2,54,42,0
3405000,Jackson Co. School District,4428,40015,1907,94,3,2,0,0,0,0,2,16,48.7,38.5,84,16,4,97.2,19.9,15.4,70,20,7,19.57,20.24,19.87,18.3,19.28,,66,15,868,15,9,9834,2,0,0,4,0,0,94.37,0.52,2,1,0,0,0,100,56,21,0
6004000,Jacksonville North Pulaski School District,,,,,,,,,,,,,,,,,,,,,,,,16.77,16.99,15.67,16.54,17.3,3,74,16,3958,19,7,9679,25,7,21,247,0,0,94.85,5.43,0,0,2,3,2,96.9,62,38,0
5102000,Jasper School District,4932,31536,2115,95,0,0,1,2,0,0,2,20.9,53.7,26.1,79,20.9,1.8,97.3,22.2,14.1,73,23,1,18.68,19.05,18.25,17.75,19.03,0,71,14,847,9,6,11713,1,3,0,4,0,0,93.68,0,0,2,3,1,0,98.4,57,36,3
2604000,Jessieville School District,7437,44417,3210,92,1,6,0,0,0,0,0,23.1,83.9,6.3,76.9,23.1,5.9,89.8,28.8,29.2,65,35,0,19.31,19.19,18.38,18.75,20.21,3,72,12,848,12,6,10309,0,0,1,3,0,0,95.67,0.79,0,1,2,0,0,100,74,26,0
1608000,Jonesboro School District,37628,38139,14732,63,23,9,1,0,0,0,3,35.4,57.3,28.3,64.7,35.4,12.4,93.7,31.7,42.5,46,45,9,18.46,18.86,17.75,18.17,18.61,7,74,15,6518,18,11,10351,0,9,5,2,1,0,92.74,2.15,0,2,4,2,1,99.3,54,42,3
7003000,Junction City School District,3393,44420,1437,75,20,3,0,2,0,0,0,39.4,44.6,35.5,60.6,39.4,,,,,,,,18.3,19.71,18,16.68,18.14,1,61,9,656,12,7,12882,2,0,0,0,0,0,94.56,0.63,0,0,1,1,0,96.7,72,28,0
5503000,Kirby School District,2944,40368,1088,94,0,2,1,1,0,0,2,28.6,45.8,27.7,71.4,28.6,9.5,94.1,16.4,16.2,66,21,15,18.08,19.88,16.58,16.88,18.35,5,77,9,361,12,11,9702,0,0,0,0,0,0,95.49,0,0,1,0,1,0,98.2,30,61,3
3704000,Lafayette County School District,5323,31250,2163,49,49,1,1,0,0,0,0,29.7,50,40.6,70.3,29.7,3.3,98.4,48.8,50.6,27,66,3,17.17,17.48,16.14,16.5,17.88,,87,11,544,13,10,12869,0,4,1,0,0,0,95.35,2.94,0,0,1,0,1,91.8,55,45,0
2605000,Lake Hamilton School District,25931,48546,10144,89,3,3,0,2,0,1,2,33.3,49.3,20.1,66.6,33.3,9.2,91.9,13.8,22.4,53,35,8,20.73,21.23,20.67,19.66,20.69,5,56,10,4415,19,14,9285,7,2,5,18,2,0,93.7,2.53,0,5,1,0,0,100,43,56,1
2606000,Lakeside School Dist(Garland),18771,59598,7056,87,5,5,1,1,0,0,1,25.9,52.6,14.9,74.1,25.9,7.7,97.2,16.1,18,65,29,7,22.27,23.1,22.59,20.73,21.99,5,38,11,3516,19,12,9296,2,2,3,1,1,1,94.31,1.61,2,2,0,0,0,99.1,41,59,0
903000,Lakeside School Dist(Chicot),8300,33217,3436,44,48,6,0,0,0,0,1,33.3,54.6,31.3,66.7,33.3,10.5,97.9,45.6,38.1,39,51,8,15.84,15.81,15.13,15.56,16.18,9,84,11,998,12,9,11763,0,0,0,1,0,0,96.71,0.72,0,0,2,2,0,100,48,49,1
3604000,Lamar School District,6820,34381,2716,91,0,7,0,0,0,0,2,25.8,50.9,23.1,74.2,25.8,4.8,98.1,28.6,37.5,71,22,6,19.51,20.33,18.31,18.73,20.21,2,68,16,1359,16,11,8430,0,2,0,8,0,0,95.6,1.29,0,2,1,0,0,98.2,41,17,0
6605000,Lavaca School District,5293,48953,1991,87,0,5,0,4,0,0,3,13,51.2,23.9,87,13,8.5,94.2,22.2,28.4,74,21,5,19.4,19.3,18.98,19.23,19.43,3,54,16,820,14,8,9467,1,1,0,3,0,0,94.61,2.34,0,3,0,0,0,100,68,31,0
3810000,Lawrence County School District,8226,37127,3050,96,2,1,0,0,0,0,1,20.5,55.2,35.9,79.5,20.5,12.4,97.8,14.8,22.1,68,19,12,20.05,20.58,20.02,19.15,19.95,3,56,17,887,13,14,9776,0,0,0,0,0,0,93.16,0.75,0,1,1,0,0,100,58,42,0
506000,Lead Hill School District,3032,29188,1354,93,0,3,1,2,0,0,1,24.3,60.9,19.2,75.8,24.3,0,98.7,46.2,55,40,45,10,19.7,22.15,17.9,18.1,19.95,2,77,16,354,10,5,11646,0,4,0,1,0,0,93.94,0.52,0,0,2,0,0,98.3,50,29,0
3904000,Lee County School District,9614,27901,3541,41,57,1,0,0,0,0,1,25.9,45.7,41.2,74.1,25.9,10.9,100,36.9,51.8,45,46,4,15.29,14.79,13.98,15.75,15.94,1,91,18,691,13,9,14143,3,3,1,3,0,0,93.19,4.84,0,0,0,0,2,93.8,56,28,7
7205000,Lincoln School District,6829,34491,2524,87,1,4,4,2,0,0,3,24,47.9,31.9,75.9,24,10.2,96.9,22.8,16.7,65,23,11,18.65,19.07,17.89,17.96,19.01,7,70,16,1129,15,7,9802,0,0,0,0,0,0,98.48,2.26,0,1,2,0,0,100,48,50,1
6001000,Little Rock School District,179481,46073,73512,44,44,7,2,0,0,0,2,34.6,51.4,37.9,65.4,34.6,8.6,93.5,24.8,24.4,43,46,10,19.05,19.66,18.52,18.25,19.16,14,72,13,21595,18,12,13328,408,16,108,155,56,11,93.03,5.54,6,3,8,15,8,98.7,46,39,1
4301000,Lonoke School District,9261,48632,3496,75,19,4,0,0,0,0,1,31,59.8,18.5,69.1,31,8.5,92.5,18.2,24.1,74,19,7,18.89,19.09,18.47,18.53,18.79,5,64,12,1720,15,9,8950,2,1,0,1,0,0,97.33,3.29,0,0,4,0,0,98.7,63,37,0
4202000,Magazine School District,2586,38409,996,91,2,2,4,0,0,0,1,29,50.9,28.7,70.9,29,21,96.1,26.6,22.6,63,27,11,19.2,19.55,18.7,18.45,19.53,1,81,18,520,12,7,10874,0,2,8,1,3,0,94.23,1.98,0,0,2,0,0,100,73,27,0
3003000,Magnet Cove School Dist.,2387,66905,976,99,0,0,0,0,0,0,1,25.3,55.7,18.5,74.7,25.3,,,,,,,,20.3,20.28,19.75,19.85,20.75,,49,12,740,13,8,9831,1,0,0,0,0,0,92.2,0.29,0,2,0,0,0,100,66,14,3
1402000,Magnolia School District,20881,37621,8048,56,37,3,1,0,0,1,1,28.1,50.4,37.2,71.9,28.1,5,99.5,44,42.7,44,48,6,19.58,20.02,18.91,18.7,19.99,2,71,11,2700,16,13,9944,5,10,0,2,0,0,94.22,1.59,0,0,3,1,0,99.5,60,39,0
3004000,Malvern School District,19248,35427,7078,71,22,4,0,0,0,0,2,25.9,50,40.2,74.1,25.9,15.6,96.1,24.7,26.5,50,34,13,18.47,18.66,17.98,18.2,18.5,5,76,18,1940,14,14,11161,1,3,1,0,1,1,93.49,0.73,0,0,2,2,0,98.6,56,43,0
2501000,Mammoth Spring School District,2763,23880,1235,97,0,1,0,2,0,0,0,23.1,53.1,32.5,77,23.1,8,98,53.6,45.8,42,41,17,18.3,18.52,17.22,18.17,18.78,,73,13,461,11,13,10979,0,1,0,3,0,0,94.63,0,0,2,0,0,0,100,46,40,0
4712000,Manila School District,4859,40603,1877,98,0,0,0,0,0,0,1,35.4,58.7,26.5,64.5,35.4,6.4,97.9,31.5,37.1,60,36,4,19.11,19.4,18.55,18.87,18.77,1,60,16,1063,14,13,10083,0,0,1,0,0,0,93.23,0.42,0,3,0,0,0,100,57,43,0
6606000,Mansfield School District,7086,48348,2459,92,1,4,0,1,0,0,2,26.2,44.9,32.8,73.8,26.2,4.2,98.7,10.6,11,71,20,7,19.76,20.53,19.61,18.63,19.75,2,71,15,779,12,9,10502,0,2,1,10,0,0,93.41,2.6,0,0,3,0,0,100,63,37,0
1804000,Marion School District,21716,55107,7748,59,31,3,1,0,0,0,6,30.3,52.9,16.7,69.8,30.3,9.7,96.9,16,20.1,56,39,4,19.11,19.51,18.92,18.39,19.03,2,72,12,3849,17,10,9359,0,2,2,8,0,0,92.7,1.46,0,0,0,4,1,92.8,58,40,1
5604000,Marked Tree School District,3603,30139,1475,77,13,3,0,0,0,0,7,37.5,50.2,40.4,62.6,37.5,14,96,45.1,51.4,54,45,1,16.95,17.31,16.18,17.18,16.64,0,81,17,483,14,7,10325,0,1,0,0,0,0,92.59,3.54,0,1,0,2,0,95.6,52,24,0
2803000,Marmaduke School District,3920,45506,1483,94,1,4,0,0,0,0,1,29.3,51.3,25.5,70.6,29.3,8.7,100,19.3,23.5,67,20,12,19.73,19.61,19.86,18.18,20.57,,64,15,718,14,12,9588,0,1,0,0,0,0,91.7,0,0,1,1,0,0,100,68,32,0
5404000,Marvell-Elaine School District,3810,31650,1705,44,52,3,0,0,0,0,1,22.1,45.2,47.3,77.8,22.1,10.1,97.2,42.8,69.4,18,78,4,15.09,14.65,14.57,15.43,14.96,1,97,15,362,12,13,13748,0,0,1,2,0,0,96.8,4.22,0,0,0,0,2,82.1,56,44,0
2305000,Mayflower School District,6512,59447,2237,91,2,4,0,0,2,0,0,27.2,50,13.7,72.9,27.2,9,84.6,16.2,25.2,71,24,3,18.38,19.04,17.71,17.55,18.59,0,58,16,1048,15,8,9628,3,5,0,29,0,0,93.31,3.05,0,0,2,1,0,99.1,55,45,0
6102000,Maynard School District,3298,28510,1384,97,1,2,0,0,0,0,1,33.8,68.2,20.8,66.4,33.8,6.3,99,40.8,25.3,48,37,13,16.35,16.57,14.83,16.74,16.61,,73,18,475,12,6,9464,0,0,0,1,0,0,95.26,0,0,0,1,1,0,100,35,51,0
7403000,McCrory School District,2935,32768,1167,87,8,1,3,0,0,0,1,28,59.1,30.5,71.9,28,3.7,99.1,19.3,26.8,66,27,6,20.38,20.73,19.49,19.96,20.62,0,60,13,633,12,10,10835,0,4,1,4,0,0,94.16,1.32,1,0,1,0,0,98.5,68,28,0
2105000,McGehee School District,6374,25219,2708,53,41,5,0,0,0,0,1,24.7,52.3,38,75.3,24.7,10.8,97.3,52.4,51.1,44,49,7,19.98,20.53,20.03,18.76,20.03,2,74,13,1168,13,10,11031,0,0,0,8,0,0,95.84,1.72,0,0,1,1,0,91.6,51,48,1
3302000,Melbourne School District,4993,41618,1923,97,0,1,0,0,0,0,2,19,57.5,23,80.8,19,0.6,99.3,14.5,30,79,18,0,20.34,21.24,20.41,18.63,20.56,1,51,13,849,14,8,10078,0,0,1,0,0,0,94.62,0,2,0,0,0,0,98.8,44,54,1
5703000,Mena School District,12649,34237,5241,91,0,4,1,1,0,0,3,21.3,49.9,31.6,78.6,21.3,11.3,96.4,33.1,32.2,57,30,11,20.13,20.6,19.95,19.42,19.79,2,68,12,1720,12,11,9909,0,2,0,0,0,0,94.57,0.25,0,3,2,0,0,100,69,31,0
3211000,Midland School District,3589,38920,1360,99,0,0,0,0,0,0,0,33.9,53.1,21.2,66.1,33.9,0.5,93.2,9.5,20.7,59,14,28,17.46,18.62,16.12,16.38,17.96,,73,15,508,12,7,12476,0,1,0,0,0,0,93.06,2.88,0,0,0,2,0,100,58,37,0
3104000,Mineral Springs School District,3588,36612,1449,52,43,3,0,0,0,0,2,30.4,61.7,22.9,69.5,30.4,5.9,95.4,25.4,22.8,61,35,5,17.29,17.42,16.38,16.79,17.88,3,90,16,398,10,14,17635,0,3,0,0,0,0,96.23,0.59,0,0,1,1,0,100,53,47,0
2203000,Monticello School District,11179,34824,4376,63,33,3,0,0,0,0,1,42,64.2,19.2,58,42,14,95.9,26.2,23.7,58,38,2,20.24,21,19.91,19.61,19.83,1,50,9,1893,18,13,10261,1,4,6,6,0,0,95.08,1.83,0,2,2,0,0,97.1,45,49,0
4902000,Mount Ida School District,4100,38170,1871,90,1,2,2,3,0,0,2,43.2,50.6,27.3,56.8,43.2,5.4,100,29,28.4,63,24,13,19.09,19.66,17.83,18.91,19.51,1,71,16,455,10,6,11323,0,0,1,0,0,0,95.09,1.41,0,1,1,0,0,100,42,55,0
303000,Mountain Home School District,32476,41062,14796,95,0,2,0,1,0,0,1,25.1,61.7,15.8,74.9,25.1,3.6,97.7,10.6,15.9,63,25,12,20.7,21.47,20.58,19.39,20.72,1,48,10,3863,17,12,8806,0,0,11,54,1,1,93.79,1.77,0,5,1,0,0,97.1,46,52,0
2607000,Mountain Pine School District,4089,38796,1568,89,6,1,0,0,0,0,5,36,47.7,29.6,64,36,4.7,97.2,28.8,35.9,72,9,17,16.93,17.62,16.83,16.03,16.59,,83,18,571,14,6,10825,0,1,1,4,0,0,97.23,2.83,0,0,0,2,0,100,60,37,2
6901000,Mountain View School District,12428,32564,4980,95,0,2,0,1,0,0,3,33.2,57,16.1,66.7,33.2,3.8,99.1,34.1,39.8,66,24,10,19.94,20.53,20.01,18.55,20,0,67,16,1614,13,13,10323,1,8,1,15,0,0,94.75,0.4,2,4,1,0,0,100,33,66,1
1703000,Mountainburg School District,4616,46786,1936,96,0,1,0,1,0,0,2,15.6,52.8,29,84.4,15.6,6.9,76.2,7,14.1,76,21,3,19.34,19.73,18.75,18.5,19.66,,73,18,615,12,11,10806,0,2,1,5,1,1,93.22,1.58,0,1,1,1,0,100,65,35,0
2306000,Mt. Vernon/Enola School District,2430,55217,916,97,0,2,0,0,0,0,1,29.9,49.8,20.8,70.1,29.9,2.9,97.3,15.2,20.9,77,14,9,21.76,22,21.52,21.6,21.32,,57,14,493,13,8,9758,0,0,0,0,0,0,94.24,0,0,1,1,0,0,100,65,35,0
1704000,Mulberry/Pleasant View Bi-County Schools,4366,37857,1734,95,0,3,1,2,0,0,0,20.6,52.2,32.1,79.5,20.6,8.7,100,25.1,28.2,75,16,10,16.42,17.37,15.68,15.79,16.37,2,75,19,410,10,6,11339,0,0,1,5,0,0,92.59,0.6,0,1,2,0,0,100,61,39,0
6002000,North Little Rock School District,56776,39855,22515,46,43,6,1,0,0,0,3,30.8,39.2,53.3,69.2,30.8,9.4,97,34.6,30.2,38,53,7,18.24,18.86,17.77,17.59,18.14,7,73,12,8145,20,9,11093,0,20,35,145,0,0,93.33,3.79,1,1,4,5,1,96.7,51,32,2
3105000,Nashville School District,9397,34557,3406,57,22,18,0,0,0,0,2,16,53.8,30.3,70.9,29.1,2.3,85.9,38.3,29.7,60,39,2,19.18,19.23,18.95,18.45,19.53,15,73,13,1921,14,17,9295,0,0,0,0,0,0,98.3,0.47,0,4,0,0,0,97.9,38,63,0
1503000,Nemo Vista School District,2624,48021,1007,93,4,2,0,0,0,0,1,33,53.1,19.9,67,33,8.2,100,24.1,21.3,62,15,25,20.93,21.96,19.22,21.19,21.07,0,65,19,446,8,7,11784,0,0,0,0,0,0,95.3,0,2,1,0,0,0,100,59,41,0
1611000,Nettleton School District,25520,42033,10118,72,18,4,1,0,0,0,4,37.9,48,6.9,62.2,37.9,12.2,96.1,14.7,15.7,47,38,12,19.09,19.32,18.79,18.33,19.23,5,72,17,3426,16,12,9781,1,11,1,5,0,0,93.38,1.07,0,0,4,3,0,99.6,46,44,1
5008000,Nevada School District,3302,36227,1396,72,27,0,0,0,0,0,1,8.5,52,39.5,63.8,36.2,9.6,91.4,22.9,20.8,57,36,7,18.1,18.8,18.15,16.55,18.5,2,77,11,400,11,8,10756,0,2,0,1,0,0,93.88,0,0,0,2,0,0,100,33,19,0
3403000,Newport School District,11436,29337,3591,69,25,3,0,0,0,0,3,25.2,52.5,40.1,74.8,25.2,5.4,98.5,42.9,39.9,44,47,10,17.81,18.09,16.8,17.63,18.2,3,79,21,1126,12,11,11240,0,0,2,5,0,0,94.35,1.97,0,0,1,1,0,98.2,40,59,1
304000,Norfork School District,3797,36833,1698,94,1,1,2,0,0,0,2,32.7,55.4,13.1,67.4,32.7,0.9,96.9,32.3,31.4,71,14,16,20.91,21.21,20.88,20.15,21.03,,77,15,426,9,8,11019,0,0,0,0,0,0,93.96,0.47,1,1,0,0,0,100,70,25,0
504000,Omaha School District,2408,37587,983,97,0,1,0,1,0,0,2,28.5,52.8,15.2,71.5,28.5,1.2,92.9,15.1,28.9,73,16,13,19.94,20.61,19.35,19.26,20.1,1,74,14,378,10,8,12642,0,5,2,13,0,0,92.57,1.2,0,1,1,0,0,100,44,32,0
4713000,Osceola School District,7258,27974,3062,37,55,7,0,0,0,0,1,31.6,55.1,38.6,68.2,31.6,8.4,91,53,48.6,31,60,9,15.44,15.41,14.47,15.77,15.39,1,90,12,1075,15,8,12902,4,2,6,3,0,0,92.97,2.98,0,0,1,2,1,71.1,61,37,1
5706000,Ouachita River School District,4402,34475,1695,91,1,3,0,1,0,0,4,26.8,54.5,24.3,73.1,26.8,8.1,96.4,27.3,35.1,68,23,6,20,20.8,19.49,19.08,19.98,1,71,12,746,11,10,10104,0,1,0,0,0,0,93.32,0,0,1,2,0,0,100,52,48,0
3005000,Ouachita School District,1871,43875,703,94,0,3,0,1,0,0,2,33,47.9,31.2,67,33,10.3,96.2,14.9,20.5,73,21,7,19.5,20.22,18.61,18.17,20.11,0,46,13,488,14,8,8230,0,0,0,2,0,0,95.76,0,1,1,0,0,0,96.7,47,53,0
6505000,Ozark Mountain School District,5117,39427,2034,94,0,2,2,1,0,0,1,25.2,49.9,30.9,74.9,25.2,9.7,100,18.3,28.8,82,14,5,17.8,18.53,16.62,17.47,17.98,0,75,17,613,8,5,12728,0,5,0,2,0,0,92.26,0,0,3,0,0,0,94.2,60,38,2
2404000,Ozark School District,10048,36250,4066,92,1,4,1,0,0,0,1,27.3,55.9,27,72.8,27.3,4.5,97,35.9,34.7,75,23,2,20.66,21.5,20.45,19.63,20.55,1,52,11,1789,13,14,9225,0,2,1,1,0,0,93.31,0.12,0,3,2,0,0,100,61,39,0
6205000,Palestine-Wheatley Sch. Dist.,2354,40568,995,70,26,3,0,0,0,0,1,30.3,62.9,26.7,69.8,30.3,8.5,97.3,10.8,40,66,22,12,18.5,19.54,18.37,16.77,18.77,,86,10,810,17,8,7771,0,1,0,10,0,0,92.19,1.31,0,0,2,0,0,100,49,13,0
7309000,Pangburn School District,3695,41360,1599,95,0,3,0,0,0,0,3,22.9,43.9,25,77.1,22.9,7.1,99.2,18.6,6.5,77,20,3,19.33,19.09,18.98,18.7,20,0,54,10,786,13,11,9592,0,1,0,0,0,0,95.97,1.79,0,1,1,0,0,98.8,52,46,0
2808000,Paragould School District,20392,42316,7899,94,1,2,0,0,0,0,1,25.2,49.7,28.4,74.7,25.2,9.7,95.8,15,26.8,60,28,11,19.47,19.6,19.42,18.57,19.58,6,70,15,3197,16,11,9583,0,5,6,7,1,0,92.66,2.65,0,3,4,0,0,99.2,41,55,0
4203000,Paris School District,7215,33065,2812,86,5,2,1,2,0,0,4,16.7,50.7,35.2,83.3,16.7,10.8,100,29.4,33.6,66,12,20,17.94,17.77,17.43,17.78,18.15,2,75,11,1029,12,11,10661,0,0,5,1,0,0,96.6,0.41,0,1,2,0,0,100,71,28,1
7007000,Parkers Chapel School Dist.,3103,73393,1080,94,3,2,0,0,0,1,1,36.1,55.5,19.9,63.9,36.1,4.7,96.4,11.6,11.6,70,27,4,19.39,19.39,19,19.32,19.22,1,39,11,777,13,13,9295,0,1,1,0,0,0,95.11,0,0,1,1,0,0,98.5,76,16,3
407000,Pea Ridge School District,8467,55534,2940,92,1,4,0,2,0,0,1,12.8,60.8,14.1,87.2,12.8,8.1,91.9,9.4,14.3,73,18,7,19.8,20.51,19.16,19.15,19.87,3,38,13,2188,16,8,9179,0,4,1,9,0,0,95.66,1.57,0,3,2,0,0,100,60,39,2
5303000,Perryville School District,5377,42111,1892,92,1,4,0,1,0,0,3,29.1,53.5,17.9,70.9,29.1,10.3,100,34.8,36.6,71,17,12,18.5,19.27,18.2,17.68,18.21,,61,18,907,13,13,9293,0,0,0,0,0,0,93.35,2.02,0,0,2,0,0,100,38,62,0
1104000,Piggott School District,5418,32172,2391,96,1,2,0,1,0,0,0,23,46.8,46.9,77,23,9.7,96.6,22.7,26.4,55,28,15,17.31,17.81,17.08,16.84,17.2,,60,16,845,14,10,9038,0,6,0,0,0,0,96.02,1.93,0,0,2,0,0,98.8,55,45,0
3505000,Pine Bluff School District,28777,33806,12094,20,77,1,1,0,0,0,1,26.6,39.9,51.3,73.3,26.6,5.9,96.9,36.3,33.1,43,50,4,15.9,16.19,14.72,16.06,16.07,1,84,14,3189,17,14,12142,27,7,22,90,0,0,92.78,6.07,0,0,0,2,4,81.3,60,38,2
6103000,Pocahontas School District,11112,40250,4658,94,1,2,0,1,0,0,2,15,61.8,25.6,84.9,15,4.2,99.2,18,22.4,60,23,14,21.29,21.33,21.12,20.73,21.37,8,60,15,2065,14,12,8526,0,0,0,0,0,0,93.61,1.65,0,1,3,0,0,100,57,43,1
5804000,Pottsville School District,6612,46738,2331,90,0,5,0,0,0,0,4,19,55.3,9.5,81.1,19,13.6,99.2,28.5,27.8,62,34,5,20.62,21.27,20.85,18.81,20.8,4,41,16,1714,15,12,8669,1,0,0,1,0,0,95.32,0.26,3,1,0,0,0,100,58,42,0
2703000,Poyen School District,1300,44231,440,95,0,6,0,0,0,0,0,27.8,56,22.7,72.2,27.8,9.2,98.5,16.1,25.7,77,23,0,17.71,17.61,16.22,18.55,17.96,,51,18,594,14,12,8509,0,0,2,0,0,0,93.86,0.33,0,1,1,0,0,98.2,49,51,0
7206000,Prairie Grove School District,10594,65328,3797,94,0,3,1,1,0,0,1,19.3,45,23.4,80.6,19.3,3.4,95.8,6.9,14.9,84,6,9,21.15,21.29,21.41,20.35,20.94,2,42,10,1996,17,12,8439,0,1,4,26,0,0,94.69,1.75,0,3,0,0,0,99.3,53,44,2
5006000,Prescott School District,4384,36778,1756,56,41,1,3,0,0,0,0,29.1,42.1,45.5,71,29.1,,,,,,,,18.68,19.86,17.91,17.32,18.95,4,76,11,976,14,10,10069,4,4,4,2,0,0,95.92,2.42,0,0,1,2,0,98.9,51,46,1
6003000,Pulaski County Special School District,161063,55092,61144,67,24,4,2,0,0,0,2,30.6,53.8,16.2,69.4,30.6,8.4,95.9,17.4,20.3,57,34,9,18.72,19.4,18.21,17.88,18.82,6,50,13,11863,16,4,11914,49,32,48,174,4,2,93.77,2.39,2,5,11,6,0,96.2,47,45,3
1203000,Quitman School District,5226,51231,2244,97,1,0,0,1,0,0,1,37.7,53.7,18.7,62.4,37.7,4.5,100,24.7,25,82,8,6,19.84,20.52,19.59,19.03,19.6,0,57,19,689,13,8,11387,0,0,0,0,0,0,92.56,1.25,0,1,2,0,0,100,64,36,0
1106000,Rector School District,4242,40250,1560,96,0,2,0,0,0,0,2,17.3,44.4,49.4,82.7,17.3,9.5,94.7,23.8,36.5,66,30,4,18.39,19.27,16.9,17.98,18.88,,71,15,558,13,11,10059,0,0,0,0,0,0,95.41,0.38,0,0,2,0,0,100,52,44,0
4706000,Rivercrest School District 57,5721,35441,2112,69,26,3,0,0,0,0,2,30,49.6,40.2,69.9,30,10.5,96.1,30.4,33.6,54,37,9,18.41,18.51,17.96,17.59,19.01,1,71,13,1148,15,12,9789,6,2,5,14,0,0,95.51,3.33,0,0,1,1,0,98.2,68,29,2
1613000,Riverside School District,4445,44006,1659,94,1,4,0,0,0,0,1,13.6,44.5,40.9,86.4,13.6,14.6,96.8,17,24,62,32,6,16.92,17.16,17.16,16.18,16.73,1,60,19,762,13,12,9243,0,0,0,0,0,0,93.73,0.29,0,1,2,0,0,100,47,51,1
7307000,Riverview School District,7129,33782,2891,81,7,8,1,0,0,0,3,40.2,49,29,59.7,40.2,7.6,97.8,29,26,51,31,15,18.76,19.34,18.83,17.58,18.59,7,72,11,1212,14,10,11028,7,4,2,20,0,0,96.09,3.11,0,1,2,1,0,100,59,41,0
405000,Rogers School District,90797,54480,33233,66,1,27,3,1,0,0,2,24.7,60.8,11.3,75.4,24.7,3.2,92.9,15.5,12.5,73,21,6,19.9,20.27,19.47,19.44,19.85,28,55,12,15604,19,12,9586,27,18,24,47,0,0,94.52,1.63,8,12,1,1,0,99.8,45,54,1
7310000,Rose Bud School District,3939,52005,1523,86,0,6,1,4,0,0,4,43.4,58.3,17.7,56.6,43.4,6,97,13.6,13.8,87,10,2,18.2,19.42,17.75,16.78,18.13,3,61,15,776,13,10,9880,0,1,0,2,0,0,94.46,1.01,0,2,0,0,0,98.7,48,47,0
5805000,Russellville School District,38804,38888,13926,79,5,12,1,0,0,0,2,30.8,62.1,20.8,69.1,30.8,3.2,95.4,22.5,24.2,63,23,12,20,20.48,19.38,19.26,20.2,15,58,13,5186,17,11,10815,0,0,12,10,0,0,94.25,1.35,3,6,1,0,0,100,51,49,1
2502000,Salem School District,4882,42577,2071,92,0,3,0,0,0,0,4,29.5,60.4,24.4,70.6,29.5,5.8,100,15.9,18.4,66,28,1,20.84,21.19,21.07,20,20.6,1,64,13,854,16,11,8370,0,0,0,0,0,0,94.05,0.26,2,0,0,0,0,100,36,64,0
4204000,Scranton School District,2477,44375,878,91,1,1,4,2,0,0,1,12.6,55,31.1,87.4,12.6,7.9,100,21.4,14.6,67,23,10,23.39,24.07,22.39,22.57,23.89,2,56,13,424,11,5,9196,0,0,0,10,0,0,96.17,0,1,1,0,0,0,100,62,38,0
6502000,Searcy County School District,6827,35966,2753,94,0,3,0,1,0,0,2,21.7,57.7,27.7,78.3,21.7,5,95.4,22.3,16.2,79,16,5,20.71,21.35,20.33,19.59,20.86,0,71,12,808,13,10,11744,0,3,0,1,0,0,92.84,1.1,0,3,0,0,0,98.9,37,62,0
7311000,Searcy School District,33811,45865,11778,85,6,5,1,0,0,0,3,29.6,50.8,18.7,70.5,29.6,6.2,96.3,21,17.1,67,25,7,21.22,21.89,21.24,20.2,20.92,3,49,14,4054,17,14,8871,8,8,0,1,0,0,93.78,1.81,1,4,1,0,0,100,51,49,0
2705000,Sheridan School District,26853,51706,9854,91,3,3,1,0,0,0,2,33.3,56.7,18.9,66.7,33.3,12.7,95.6,12.2,14.8,72,18,11,20.02,20.51,19.66,19.31,19.95,3,46,11,4091,19,12,8307,0,15,3,17,0,0,93.27,1.2,0,5,1,0,0,99.2,32,24,0
7104000,Shirley School District,4759,34684,1945,92,1,5,0,0,0,0,1,46.2,70,10,53.7,46.2,1.9,95.5,22.4,34.8,58,18,24,18.59,18.36,17.77,18.82,19.32,,83,17,354,10,5,11769,0,0,0,0,0,0,93.38,2.25,0,1,1,0,0,100,63,32,0
406000,Siloam Springs School District,23040,49691,7805,66,2,20,2,5,0,0,5,22.5,57.7,22.2,77.4,22.5,4.2,95.8,25.8,17.8,71,21,7,19.76,20.22,19.1,19.17,19.97,17,54,13,4274,20,12,9711,6,11,1,0,0,0,93.63,0.86,0,3,3,0,0,97.8,63,35,1
3806000,Sloan-Hendrix School District,3990,31753,1716,96,0,3,0,1,0,0,1,25.3,61.3,25.8,74.7,25.3,6.5,96.3,18.3,14.3,66,30,3,17.79,17.78,18.14,17,17.66,0,70,13,712,14,11,8868,3,2,0,0,0,0,94.99,1.15,0,0,2,0,0,98.2,52,48,0
7008000,Smackover-Norphlet School District,6209,40943,2540,80,19,1,0,0,0,0,1,30.2,53.4,34.5,69.8,30.2,3.1,94.8,22.2,27,54,35,10,19.45,20.05,19.03,18.5,19.53,2,50,10,1108,14,11,10769,2,6,0,12,0,0,97.05,1.15,0,1,2,1,0,94.9,62,30,0
1507000,South Conway County School District,15507,38454,6087,78,14,5,0,0,0,0,3,25.5,50.6,31.8,74.5,25.5,11.1,97.2,25.2,28.4,54,36,9,18.79,19.08,18.68,17.79,19.16,3,74,14,2254,18,12,9922,0,7,2,13,0,0,94.64,2.06,0,2,3,0,0,100,57,42,0
5504000,South Pike County School District,5137,35725,2128,88,6,4,1,0,0,0,2,22.4,49.5,32.2,77.6,22.4,14.8,95.7,19.3,24.8,80,15,6,19.29,19.95,17.97,18.11,20.29,1,71,18,676,11,18,10747,0,0,0,0,0,0,95.46,0.34,1,1,1,0,0,98.6,26,74,0
7105000,South Side School District(Vanburen),3449,37917,1251,90,2,2,0,0,0,0,6,28.5,46.3,23.9,71.4,28.5,2.6,100,22.8,28.4,45,37,18,16.74,16.56,16,16.72,17.1,,59,19,527,12,9,12687,0,0,0,0,0,0,95.65,0.83,0,1,1,0,0,100,57,43,0
3209000,Southside School District (Independence),5455,39115,2134,94,1,3,0,0,0,0,1,25.8,57.8,15.4,74.2,25.8,7,100,31.9,28.8,54,27,18,19.86,19.94,19.96,19.62,19.32,2,61,17,1979,16,9,8957,0,0,0,0,0,0,96.24,0.45,0,4,0,0,0,96.8,42,36,1
2906000,Spring Hill School District,1959,60781,626,86,5,3,0,1,4,0,0,24.4,54.1,27.6,75.6,24.4,7.8,97.5,15.2,26.3,61,32,11,19.32,20.32,18.17,18.24,19.73,3,48,9,611,14,10,8166,1,0,0,1,0,0,94.68,0.71,0,1,1,0,0,100,49,51,0
7207000,Springdale School District,100125,50038,34273,56,2,31,2,1,5,0,3,31.7,54.3,14,68.3,31.7,4.2,90.7,19.6,19,69,21,10,19.97,20.28,19.41,19.55,20.02,38,70,10,21962,20,12,10060,21,26,2,3,0,0,95.23,2.06,7,8,14,0,0,100,45,52,3
4003000,Star City School District,7756,38146,3259,78,17,4,0,0,0,0,1,39.1,58,24.8,61,39.1,7.5,96.1,20.8,23.4,59,37,5,18.94,19.25,18.45,18.38,19.07,5,64,10,1488,15,9,9622,0,10,0,1,0,0,93.66,2.12,0,0,2,1,0,90,35,61,0
7009000,Strong-Huttig School District,2889,33641,1317,52,44,0,0,3,0,0,0,34.1,57.2,26.7,66,34.1,15.1,89.7,29.6,31.7,42,49,10,15.31,15.58,13.88,15.58,15.88,,94,14,286,12,11,14296,0,0,0,0,0,0,96.46,1.56,0,0,0,1,0,97.6,54,43,4
104000,Stuttgart School District,9890,38847,4119,61,35,3,0,0,0,0,1,26.9,46.2,43.1,73.1,26.9,14.4,98.2,22.9,28,52,38,6,18.68,18.28,17.95,18.87,18.96,4,64,15,1553,16,10,10013,4,1,3,14,3,2,95.68,1.74,0,0,4,0,0,95.2,56,43,0
4605000,Texarkana School District,33028,40272,12916,61,31,4,0,1,0,0,2,31.8,47.9,35,68.1,31.8,8.3,97.5,35.3,29.9,42,49,8,18.07,18.79,17.68,17.35,17.83,1,71,11,4044,17,11,11832,20,20,8,23,0,0,91.51,4.55,0,1,4,2,1,96,51,46,0
5605000,Trumann School District,9734,39150,3797,88,5,3,0,0,0,0,3,22.6,49,34.7,77.4,22.6,14.9,93.1,27.5,32.1,56,29,15,17.76,17.91,17.12,17.57,17.99,2,74,17,1491,16,10,9966,4,16,32,129,1,1,94.91,3.23,0,0,3,0,0,93.9,45,44,0
7510000,Two Rivers School District,7038,38867,2636,87,0,10,2,1,0,0,1,26.1,54.9,27,74,26.1,7.1,98.1,21.9,25.2,73,21,7,17.66,17.51,17.24,17.08,18.32,6,81,19,859,14,11,10158,0,0,0,9,0,0,93.02,1.51,0,0,2,0,0,100,58,41,2
505000,Valley Springs School District,4539,43198,1677,94,0,1,0,2,0,0,2,16.7,48.7,27.2,83.4,16.7,19.5,93.2,25.6,35.8,70,15,7,20.74,21.05,21.09,19.55,20.38,1,43,10,841,13,10,9320,2,3,0,0,0,0,94.91,0.75,2,1,0,0,0,100,60,40,0
1612000,Valley View School District,12161,87705,4080,89,2,2,4,0,0,0,3,7.7,44.9,6.4,92.2,7.7,9.4,98.3,2,5.9,71,12,15,22.69,23.78,22.89,20.89,22.64,2,25,13,2783,16,13,8873,1,0,1,0,0,0,95.95,0.23,4,0,0,0,0,99.5,58,38,4
1705000,Van Buren School District,34330,42019,12930,79,2,11,3,2,0,0,3,23,60.6,18.9,77,23,8.1,93.1,25.9,25.7,66,25,8,20.11,20.26,19.79,19.66,20.13,10,59,13,5732,16,12,9112,15,20,2,8,0,0,95.1,2.1,3,3,5,0,0,92.1,74,25,1
2307000,Vilonia School District,15584,61875,5249,95,1,2,0,1,0,0,1,20.4,52,10.1,79.6,20.4,5.7,95.9,8.7,18.7,63,29,5,20,21.05,19.57,18.69,20.04,2,42,16,3050,19,13,9484,2,8,5,7,2,0,93.34,0.95,1,5,0,0,0,98.6,51,46,1
2503000,Viola School District,3424,33036,1397,99,1,0,0,0,0,0,1,24.1,52.6,22,75.9,24.1,16.7,93.3,31,55.8,60,25,15,17.93,18.83,16.7,16.63,18.63,,68,16,376,10,9,11156,0,0,0,0,0,0,94.32,0.57,0,2,0,0,0,96.5,35,65,0
6401000,Waldron School District,8429,34018,3259,84,0,8,4,1,0,0,2,29,56.1,29.4,71.1,29,4.1,97,27.7,32.4,61,22,15,19.3,20,18.61,18.53,19.31,9,75,13,1435,14,11,10760,2,1,1,4,0,0,92.05,1.54,0,1,2,0,0,100,67,28,3
602000,Warren School District,8422,34973,3436,53,32,15,0,0,0,0,0,26.5,55.2,34.8,73.6,26.5,3.7,94.9,34.6,36.4,49,31,19,17.79,18.39,17.05,17.24,17.86,9,72,12,1569,15,10,10244,3,4,3,3,0,0,94.43,1.4,0,0,2,2,0,90.7,45,53,0
3509000,Watson Chapel School District,15726,41389,5750,43,53,2,0,1,0,0,2,23.4,53.8,32.1,76.7,23.4,5.2,97.7,32.6,43.7,41,56,4,17.44,17.84,16.57,17.29,17.5,1,79,9,2472,17,13,9575,12,4,16,103,0,0,93.75,2.63,0,0,0,3,2,90.5,50,48,0
7208000,West Fork School District,4967,48363,2032,97,0,1,0,0,1,0,1,22.9,57.5,20.7,77.1,22.9,4,93.6,11.4,6.5,67,19,14,18.95,20.66,18.75,17.27,18.46,1,53,17,961,13,9,9166,0,3,0,4,0,0,94.81,0.87,0,0,3,0,0,100,60,40,0
1803000,West Memphis School District,26692,29906,10651,32,62,2,1,0,0,0,3,30,49.4,37,70.1,30,7.4,94.4,41.2,48.7,35,59,6,17.87,18.06,17.36,17.6,17.93,0,73,12,5285,16,13,10025,0,5,4,4,1,1,92.13,2.9,0,1,2,5,2,95.8,60,35,4
1204000,West Side School Dist(Cleburne),4445,36000,2016,96,1,1,1,0,0,0,1,28.1,60.3,11.7,71.9,28.1,6.7,93.6,24.9,15.7,71,19,11,20.2,20.36,20.76,18.36,20.68,,72,19,460,10,8,12476,0,1,0,4,0,0,93.56,0.9,0,0,2,0,0,100,54,46,0
7509000,Western Yell Co. School Dist.,2624,44097,893,78,3,15,4,0,0,0,0,21.3,48.4,29,78.7,21.3,6.9,91.7,28.6,22.2,67,33,0,16.43,16.18,14.96,16.61,17.61,18,87,18,342,12,7,12013,1,2,9,0,0,0,95.59,1.14,0,0,1,1,0,96.4,50,50,0
1602000,Westside Cons. Sch Dist(Craigh,9283,48144,3390,95,0,3,0,0,0,0,2,20.2,57.4,18.9,79.8,20.2,11.4,94.1,17.6,27,70,18,11,19.32,19.49,19.88,18.12,19.17,1,53,16,1732,15,9,8954,0,1,0,0,0,0,95.64,0.62,0,2,1,0,0,99.4,59,39,2
3606000,Westside School Dist(Johnson),4343,35182,1599,91,0,2,5,1,0,0,2,27.5,51.5,31.7,72.5,27.5,7.9,95.5,15.3,12.9,80,12,6,17.53,18.09,15.51,17.67,18.29,1,76,18,634,13,7,9777,1,1,0,0,0,0,93.35,0,0,0,0,2,0,93.4,67,33,0
7304000,White Co. Central School Dist.,3369,42500,1402,91,0,7,0,0,0,0,1,35.8,67.8,7.8,64.1,35.8,9.4,86.5,8.3,10.8,86,14,1,17.65,18.63,16.16,17.61,17.49,9,66,15,754,11,7,8987,0,2,0,0,0,0,93.4,0.61,0,0,2,0,0,100,44,56,0
3510000,White Hall School District,14093,50409,5361,79,15,3,2,0,0,0,1,35.1,60.8,15.7,65,35.1,4.9,96.2,17.1,13.7,70,22,8,20.31,20.42,20.24,19.41,20.47,2,47,12,2971,18,15,9353,1,2,8,49,0,0,93.19,1.61,0,6,0,0,0,99.5,64,36,0
1505000,Wonderview School District,2730,40203,1049,92,2,0,0,1,0,0,5,23.7,47.3,31.5,76.3,23.7,2.4,99.2,22.5,16.4,69,27,2,18.24,19.16,17.64,17.08,18.2,,61,18,460,11,8,10500,0,1,0,1,0,0,94.58,0.52,0,1,1,0,0,100,63,35,0
1304000,Woodlawn School District,3017,48581,1154,94,1,4,0,0,0,0,1,32.4,56,19.6,67.6,32.4,18.4,99.1,17.6,16.9,77,20,1,20.37,21.87,20.07,18.83,20.11,2,43,15,559,14,8,8681,0,1,0,0,0,0,93.3,1.84,0,1,1,0,0,95.8,65,15,0
1905000,Wynne School District,13826,42813,5262,69,28,2,0,0,0,0,1,26.3,50,33,73.8,26.3,4.7,99.3,19.7,24.1,67,25,5,19.22,20.03,18.62,18.22,19.48,1,57,14,2605,15,13,9325,2,1,13,20,0,0,95.61,1.38,0,1,3,0,0,97.1,55,40,5
4502000,Yellville-Summit School District.,5552,37276,2209,96,0,3,0,1,0,0,1,27,56.4,20.5,73.1,27,6,100,21.8,36.5,57,40,3,19.48,19.62,19.93,18.11,19.75,,75,15,788,13,11,9348,0,3,0,0,0,0,94.45,0.56,0,1,1,0,0,100,51,49,0