lea,nlea,name,zip,disChar__enrollment,disChar__avgClassSize,disChar__avgTeachExpYrs,disChar__perPupSpending,demographic__studentRace__native,demographic__studentRace__asian,demographic__studentRace__african,demographic__studentRace__hawaiian,demographic__studentRace__hispanic,demographic__studentRace__white,demographic__studentRace__multi,demographic__other__spedEligible,demographic__other__lowIncome,demographic__other__englishLearners,act__composite,act__reading,act__english,act__math,act__science,schoolEnvironment__expulsions,schoolEnvironment__weaponInc,schoolEnvironment__staffAssaults,schoolEnvironment__studentAssaults,schoolEnvironment__refLEO,schoolEnvironment__schoolArrests,schoolPerformance__attendance,schoolPerformance__dropout,teacherQuality__certified,teacherQuality__bachelors,teacherQuality__masters,teacherQuality__advanced,community__totalPop,community__medianHouseIncome,community__totalHouses,community__race__white,community__race__black,community__race__hispanic,community__race__asian,community__race__native,community__race__hawaiian,community__race__other,community__race__multi,community__yearHSB__after2k,community__yearHSB__b7099,community__yearHSB__before70,community__broadband,community__housingType__house,community__housingType__other,children__health__disability,children__health__insuranceCov,children__povAndBen__belowPov,children__povAndBen__foodStamp,children__hhByType__married,children__hhByType__female,children__hhByType__male,parents__medianIncome,parents__housingStatus__rented,parents__housingStatus__owned,parents__employment__employed,parents__employment__unemployed
1701000,502250,Alma School District,72921,3297,19,14,9229,2,0.5,1.5,0.1,4.1,86,5.9,14,52,1,20.27,20.87,19.82,19.36,20.46,,,1,3,0,0,94.32,0.32,98.1,72,25,2,"15,708","51,082","5,817",91,1,4,0,2,0,0,2,30.7,53.3,16,71.6,78,22,4.3,92.4,11.1,13.2,72,22,5,"65,882",17.5,82.5,80.2,19.8
501000,502280,Alpena School District,72611,494,13,9,9346,0,0.6,0.6,0,4.5,93.5,0.8,15,71,2,18.41,19.86,18.1,16.69,18.31,2,1,,3,,,92.93,0.43,95.5,52,33,0,"2,714","35,741","1,062",92,0,4,0,0,0,0,3,28.9,47.7,23.4,63.2,70.8,29.3,8.7,100,31.2,24.5,69,16,12,"-666,666,666",46.9,53.1,,
1002000,502430,Arkadelphia School District,71923,1761,17,13,9984,0,1.1,37.6,0.1,7,49.9,4.3,14,55,1,20.01,20.64,19.58,19.38,20.12,,3,13,118,0,0,96.15,1.61,91.4,48,51,1,"15,787","38,977","5,740",68,25,4,1,0,0,0,2,16.4,53.6,30.1,69.6,64.2,35.9,16.8,96.8,28.4,23,51,41,7,"48,750",48.1,51.9,82.5,17.5
4701000,502550,Armorel School District,72310,414,12,11,11912,0,2.4,7.7,0.2,6.5,83.1,0,14,44,3,19.77,21.93,19.4,17.73,19.63,,,,1,,,94.31,0.54,85.5,54,46,0,"1,412","82,386",537,89,5,4,0,0,0,0,1,37.5,59.8,2.8,84.4,69.1,31,15.6,93.6,4.7,2.7,87,10,3,"84,167",13.3,86.7,84.9,15.1
4101000,502580,Ashdown School District,71822,1406,14,10,9377,1.1,0.1,25.9,0,4.6,62.3,6.1,13,66,1,17.52,17.89,16.43,17.23,17.83,,2,,6,,,93.7,0.91,97.2,52,47,1,"8,966","45,893","3,955",74,22,1,1,1,0,0,2,12.3,58.7,29,64,67.7,32.3,11.3,99.7,20.5,28.8,57,37,6,"59,000",31.9,68.1,74.5,25.5
5801000,502610,Atkins School District,72823,946,12,11,9970,0,0.4,1.3,0.1,2.9,92.9,2.4,19,69,1,20.41,21.65,20.02,19.39,19.91,,,,1,,,94.33,0.91,99.1,67,33,0,"6,314","41,165","2,453",96,2,1,1,0,0,0,1,22.9,51.8,25.3,62.9,67.5,32.5,8.2,94.8,13.7,36.9,75,24,0,"57,955",28.7,70.5,77.3,22.7
7401000,502670,Augusta School District,72006,330,9,13,15104,0,0,53.6,0,0.9,41.2,4.2,16,87,,15.58,15.25,14.63,16.29,15.75,,,,,,,93.84,0,82,59,29,0,"3,397","27,478","1,605",52,46,0,0,0,0,0,2,13.9,50.4,35.7,47.7,72.8,27.3,,,,,,,,,,,,
7301000,502700,Bald Knob School District,72010,1172,14,4,9649,0.3,0.3,1.4,0,6.7,86.6,4.8,15,61,2,19.43,20.58,19.06,18.11,19.41,,3,,,,,93.13,1.87,97.2,45,55,0,"7,266","34,815","2,957",92,2,2,0,0,0,0,4,20.9,50.1,28.9,57.9,61,39.1,8.2,95.2,22.2,29.5,66,25,9,"52,250",31.5,68.5,70.5,29.5
5401000,502730,Barton-Lexa School District,72355,713,12,10,10048,0.3,1.5,31.8,0,2.5,62.7,1.1,12,86,1,17.02,17.49,16.15,16.64,17.51,,1,,,,,93.61,1.78,96.7,56,44,0,"2,776","39,395","1,073",64,30,5,0,0,0,0,1,21,50,29,58.2,62.8,37.1,5.2,100,13.4,23.1,50,39,8,"57,734",59.6,40.4,,
3201000,500019,Batesville School District,72501,3158,18,13,9649,0.6,1.5,7.1,0.1,24.2,65.9,0.8,13,58,16,19.15,19.97,18.47,18.37,19.15,,2,,7,,,95.92,0.49,88.4,58,42,0,"21,158","45,246","7,885",84,3,10,1,0,0,0,2,19.1,56.5,24.5,65.6,78.2,21.7,4.3,94.9,17.3,12.5,65,22,12,"54,769",25.8,74.2,86.3,13.7
6301000,502790,Bauxite School District,72011,1662,13,10,8161,0.4,0.4,2.4,0,4.5,91.2,1.2,11,41,1,19.03,20.18,18.68,17.48,19.18,,,,3,,,93.4,0.25,100,64,35,0,"6,496","64,917","2,228",90,6,3,0,0,0,0,1,41.6,45.5,12.9,77.3,73.1,26.8,9,98.7,9.6,17.9,78,12,12,"69,375",25,75.9,83.4,16
1601000,502820,Bay School District,72411,621,15,8,9131,0,0.3,4.7,0,1.4,91.9,1.6,20,65,0,20.79,22,21.79,17.93,20.96,1,,2,2,0,0,92.57,0.36,98.7,47,49,0,"3,134","38,322","1,201",95,2,1,0,0,0,0,2,16.3,54.3,29.4,72.8,79.2,20.9,11.4,99.2,11.2,20.5,60,18,23,"51,290",51.3,50,71,29
5201000,500032,Bearden School District,71720,488,13,8,11062,0,0.4,40,0,3.7,51.8,4.1,10,73,,17.72,17.93,17.07,17.45,17.93,2,,,7,,,94.61,3.77,90.1,67,33,0,"3,390","37,500","1,388",66,29,1,0,0,0,0,4,13.2,52.4,34.3,54,69.5,30.5,8.6,95.2,39.6,27.3,53,42,4,"48,359",43.6,56.4,,
7302000,502880,Beebe School District,72012,3246,19,12,9185,0.5,0.6,4,0,5.4,86.5,3.1,16,53,2,19.85,20.49,19.52,18.88,19.9,,7,3,8,0,0,94.41,1.33,97.2,56,43,1,"19,178","53,604","6,983",94,2,2,1,0,0,0,1,32.4,46.7,20.8,80.6,76.2,24,3.7,94.9,12,16.5,63,29,5,"67,289",28.6,71.4,81.7,18.3
6302000,502960,Benton School District,72015,5558,18,13,7600,0.3,1,9.3,0.1,8.5,77.3,3.5,10,40,4,20.85,21.53,20.48,20.36,20.49,,11,5,41,0,0,94.59,0.55,98.7,50,34,1,"31,948","56,525","12,009",85,6,6,1,1,0,0,2,24.7,46.7,28.4,78.6,80.6,19.3,8.8,96.2,9.9,17.4,66,25,9,"74,514",37.3,62.7,87,13
401000,503060,Bentonville School District,72712,17848,20,13,9962,1.2,6.9,3,0.6,11.5,72.2,4.6,11,22,5,22.57,23.59,22.46,21,22.54,4,13,3,16,0,0,93.88,0.41,97.3,40,54,2,"93,453","78,286","34,125",79,2,8,7,1,0,0,3,47.8,44.8,7.3,71.5,83,17,2.6,98.2,5.1,4.9,81,14,3,"107,900",25.7,74.3,84.5,15.4
502000,503090,Bergman School District,72601,1077,14,11,9149,1,0,0.4,0.1,3.1,95.3,0.2,11,58,0,19.13,19.34,18.62,18.62,19.31,,,,,,,94.71,0.42,98.2,60,40,0,"4,826","57,386","1,806",96,1,2,0,0,0,0,1,29.6,55.8,14.7,74.6,79.9,20.2,8,100,6.6,19,86,4,10,"71,023",19.8,81,92.4,8.1
801000,503150,Berryville School District,72616,1840,15,10,9955,0.3,1.5,0.3,3.5,27.6,65.7,1.2,17,71,17,19.59,20.36,18.53,18.78,20.08,,5,,2,,,92.52,1.92,97.6,52,45,1,"11,989","48,054","4,370",78,0,17,2,0,2,0,1,18.7,56.3,25,66.4,73.2,26.8,2.5,94.9,11,12.6,75,15,7,"60,857",19,81,86.4,13.6
3001000,503240,Bismarck School District,71929,997,14,11,8701,0.8,0.4,1.9,0,6.7,89.5,0.7,13,72,3,21.57,21.33,22.09,20.27,22,,6,,,,,94.37,0.42,100,48,52,0,"7,022","41,677","2,598",87,6,6,0,0,0,0,1,36.3,50.1,13.6,63.3,55.5,44.5,5.9,98.5,6.6,6,75,22,3,"55,380",17.3,82.7,86.8,13.2
2901000,503300,Blevins School District,71825,505,14,8,9671,0,0.6,15.2,0,13.3,67.3,3.6,14,81,6,16.33,16.19,15.22,15.94,17.64,,,,,,,93.59,1.83,94.4,64,36,0,"3,556","50,828","1,317",73,17,4,0,1,0,0,5,12.3,42.7,44.9,68.1,71.1,29,17.3,95.4,29.4,21.3,69,20,12,"56,047",21.3,78.7,85.9,13
4702000,503320,Blytheville School District,72315,1860,14,10,11617,0.1,0.4,81.8,0,3.8,13.1,0.9,13,80,2,15.39,15.67,13.91,15.34,15.96,,2,12,25,0,0,91.05,1.88,69.2,63,37,1,"15,593","36,119","6,371",39,55,3,1,0,0,0,2,4.6,45.5,49.8,69.9,78.3,21.8,3.1,98,32.6,36.9,41,50,7,"33,993",50,50.3,76.5,23.5
4201000,503450,Booneville School District,72927,1172,12,13,10090,1.3,0.5,0.3,0,5.4,87.7,4.8,13,72,1,19.04,19.4,18.68,18.12,19.26,,,,,,,95.67,0.6,99.2,68,32,0,"7,409","39,534","2,764",93,0,6,0,1,0,0,1,17.9,50.3,31.9,65.8,73.9,26,5.2,96.8,19.5,34.1,67,19,14,"53,857",39.8,60.2,81.5,18.5
7303000,503480,Bradford School District,72020,455,11,9,9693,0.4,0,2.4,0,1.8,95.2,0.2,20,78,0,19.29,20.29,19.65,18.06,18.71,,,,1,,,92.09,0,96.7,50,37,0,"2,848","38,850","1,189",92,0,3,0,0,0,0,5,19.3,55.1,25.5,66.4,61.6,38.2,6.5,100,9.8,20.9,81,18,1,"54,792",25.4,76.1,79.3,20.7
4801000,503630,Brinkley School District,72021,472,14,11,11203,0,0.4,67.6,0,1.3,29.4,1.3,19,78,,15.61,15.96,14.39,16.09,15.35,,1,,3,,,94.34,2.58,77.8,33,5,0,"3,967","31,154","1,792",54,40,4,1,0,0,0,2,11.6,47.7,40.8,55.4,73,27,3.9,94.9,42.2,40.6,32,61,7,"43,750",55.1,44.9,85.9,15.4
1603000,503640,Brookland School District,72417,2659,17,11,8405,0.2,0.5,2.4,0,4.6,91.1,1.3,15,35,2,20.48,21.76,20.23,18.74,20.6,1,5,7,32,0,0,93.44,1.26,99.6,51,48,1,"10,910","55,805","4,189",95,1,2,0,0,0,0,2,52.7,31.8,15.5,78.6,71.3,28.6,7,97,14.2,19.4,62,23,15,"62,319",24.3,75.7,91.2,8.8
6303000,503690,Bryant School District,72022,9299,18,13,9439,0.2,1.9,17.4,0.1,14.6,64,1.8,13,41,8,20.47,20.78,20.76,19.41,20.31,2,9,5,7,2,0,95.08,1.26,95.1,41,55,3,"52,881","64,634","19,219",82,10,4,2,0,0,0,2,47.4,44,8.6,83.9,71,29.2,9,96.7,8.1,10.8,65,26,9,"82,816",21.6,78.4,87.4,12.5
1605000,503710,Buffalo Is. Central Sch. Dist.,72447,726,12,6,10088,0,0,0.3,0.1,18.3,80.4,0.8,15,66,11,20.22,21.32,20.04,18.86,20.1,,,,,,,94.33,0,93.7,66,26,0,"5,149","37,472","2,044",88,0,11,0,0,0,0,0,10.5,42.1,47.6,63.2,78,21.8,7.7,98.4,23.4,20.9,60,35,6,"59,554",44.5,56.4,75.7,23.7
4304000,503750,Cabot School District,72023,10519,19,12,9003,0.4,1.4,2.6,0.3,6.5,84.6,4.2,14,40,2,20.84,21.34,20.19,20.17,20.97,1,18,12,88,0,0,93.45,0.9,89.5,47,40,0,"53,280","60,494","19,645",89,2,5,1,1,0,0,2,44.1,49.5,6.3,83.2,77.1,22.9,4,97,12.1,14.8,66,21,11,"81,125",32.2,67.8,83.1,16.9
4901000,503770,Caddo Hills School District,71960,556,11,8,9947,0.2,0.2,0,0,16.7,80.6,2.3,13,81,2,19.93,21.28,19.66,18.48,19.62,1,3,,8,,,95.56,0.73,94.4,63,37,0,"3,470","28,939","1,394",87,0,8,0,0,0,2,4,20.5,46.5,33.1,51.9,66.9,33.2,27.3,100,36.1,56.6,72,26,2,"44,609",17,84.9,63.6,37.5
3301000,503840,Calico Rock School District,72519,371,11,7,11500,0.5,0.3,0,0.3,2.2,96.2,0.5,14,71,1,19.16,18.97,19.39,18.39,19.55,,,,,,,93.74,0.58,97.4,62,27,0,"4,347","39,122","1,324",88,6,5,0,0,0,0,1,13.3,60.7,26.1,54.8,77.2,22.8,0,99.3,16.7,9.8,79,7,13,"72,411",19.7,80.3,79.5,20.5
5204000,506060,Camden Fairview School District,71701,2289,15,11,10428,0.2,0.7,62,0.1,2.8,29.5,4.7,12,78,2,17.12,17.09,16.49,16.63,17.68,3,6,5,53,0,0,93.44,1.36,86.4,63,32,1,"18,321","32,459","7,549",50,46,3,0,0,0,0,1,8.6,43.1,48.3,59.1,76,24,4.1,99.8,32.5,30.4,44,49,7,"36,257",42.9,56.9,85.4,14.4
4303000,503960,Carlisle School District,72024,646,12,8,10513,0.2,0,10.8,0,5.3,81.7,2,13,64,3,17.82,17.91,18.04,17,17.8,,2,9,1,0,0,93.57,0,92.7,46,54,0,"4,269","53,718","1,618",86,12,1,0,1,0,0,0,18.1,55.3,26.7,55,72.2,27.7,3.7,85.1,8.3,12.8,49,48,5,"57,188",27.9,72.1,85.5,14.5
6802000,504050,Cave City School District,72521,1177,15,12,10036,0.2,0.3,1.6,0.3,4.8,92,0.8,15,77,2,19.48,19.95,18.97,18.46,20.01,,2,,,,,95.27,0,98.1,44,54,0,"8,635","37,323","3,329",93,1,2,0,1,0,0,3,25.5,55.9,18.6,54.6,72.3,27.7,2.4,96,30.4,27.3,63,21,13,"41,958",50,50,77.7,22.3
3212000,500070,Cedar Ridge School District,72562,699,12,9,12937,0.3,0,0.9,0,4.7,93.3,0.9,16,72,1,17.39,17.9,17.61,16.02,17.37,,2,1,,0,0,94.84,0.87,84.3,55,45,0,"4,545","41,568","1,896",96,0,2,0,0,0,0,2,20,50,30.1,50.9,63.3,36.5,0.5,96.8,25.2,28.1,60,25,13,"43,075",26,74,82.4,17.6
1702000,504080,Cedarville School District,72932,765,13,12,10708,2.2,0.1,0,0,3.8,83,10.8,21,72,,18.77,18.84,17.62,18.46,19.43,,1,1,2,0,0,94.51,0,95.1,39,60,0,"5,079","47,101","1,978",87,0,3,0,4,0,0,5,33.6,50.9,15.5,66.4,69.1,30.9,7.8,93.6,13.8,8.2,80,8,12,"51,257",10.7,89.3,73.9,25.6
5502000,506690,Centerpoint School District,71921,997,13,9,10224,0.5,0.6,0.2,0,19.1,78.1,1.5,16,71,11,19.29,20.52,18.9,17.64,19.68,4,1,,,,,95.88,0.21,94.2,41,48,0,"4,858","40,625","1,877",85,2,13,0,1,0,0,0,23.7,49.4,26.9,64.1,66.1,33.9,10.9,90.3,19.7,21,70,20,9,"58,065",21,79,80.5,18.9
2402000,504200,Charleston School District,72933,874,14,12,9358,0.9,1.4,0.7,0,3.9,90,3.1,11,50,0,20.93,21.58,20.96,19.94,20.69,,,,1,,,95.17,1.96,100,62,35,0,"5,671","52,314","2,085",95,1,2,0,1,0,0,2,13.3,58.6,28.2,64.5,82.3,17.7,1.1,100,8.3,15.3,78,14,9,"67,500",23.7,77.1,86.6,13.4
4802000,504350,Clarendon School District,72029,409,10,9,13969,0,0,55.5,0,7.3,29.8,7.3,21,92,3,15.21,14.93,13.79,15.34,16.07,,,,,,,99.07,0,77.4,58,35,0,"3,341","36,607","1,571",57,38,2,0,1,0,0,3,16.5,50.4,33.2,54.5,71.2,28.9,12,97.8,35.8,35.7,36,61,5,"36,466",33.9,66.1,78.9,21.1
3601000,504380,Clarksville School District,72830,2539,17,12,9827,0.3,8.3,1.5,0.3,35.8,50.5,3.2,15,73,26,19.33,19.84,19.57,18.16,19.22,2,8,,,,,94.35,0.25,99.1,49,40,1,"14,504","37,097","5,239",70,3,21,3,0,0,1,3,21.4,51.8,26.9,68.4,74.5,25.5,4,97.3,21.7,24.1,67,25,8,"46,780",37.8,62.2,80,20
1305000,500067,Cleveland County School District,71665,781,13,11,12032,0.1,0,28,0,2.7,67.1,2,14,65,1,19.21,20,17.82,18.44,20.15,,1,,,,,94.36,0.24,96.4,55,45,0,"4,836","40,227","2,024",78,19,1,0,0,0,0,3,14.4,60.2,25.3,52.8,62.5,37.4,6.1,97.5,13.7,15.1,67,24,8,"52,708",36,64,87.1,13.7
7102000,504410,Clinton School District,72031,1261,13,10,10824,0.2,0.6,0.4,0.2,7.3,89.8,1.6,15,70,2,18.94,19.54,17.74,18.8,19.15,,1,1,,0,0,94.58,0.33,97.4,47,53,0,"8,399","34,322","3,380",95,0,2,0,1,0,0,2,25,55.5,19.5,60.1,67.4,32.6,6.8,97.1,29.4,33.8,69,22,9,"44,965",18.5,81.5,73.5,26
1201000,504560,Concord School District,72523,433,10,6,12343,0.7,0,0.2,0,2.1,96.8,0.2,18,71,0,20.36,19.36,19.86,21.42,20.33,,1,,,,,94.48,0.48,92.2,53,40,0,"3,900","37,658","1,725",96,0,2,0,1,0,0,1,23.8,51.8,24.4,62.3,61.2,38.8,3.8,95.1,28.4,16.1,59,32,7,"47,321",3.6,94.6,69,32.1
2301000,504590,Conway School District,72034,10117,19,14,9438,0.2,1.8,28.5,0.1,11,54.3,4.1,13,50,6,20.56,21.16,20.53,19.49,20.45,13,6,6,22,0,0,94.03,1.52,99.7,38,59,3,"77,471","48,101","28,322",73,17,5,2,0,0,1,3,39.5,48.3,12.2,79,61,39.2,7.9,94.1,16.3,16.3,66,29,4,"73,024",38.1,61.9,85.1,14.9
1101000,500009,Corning School District,72422,854,15,15,9939,0.1,0,0.5,0,2.3,96.8,0.2,14,72,,20.02,19.98,21.14,18.65,19.86,,1,,6,,,94.48,0,93.6,45,55,0,"6,377","30,503","2,767",95,1,2,0,0,0,0,2,6.9,51.3,41.8,61,79.1,20.9,3.8,98.3,37.8,37.8,48,27,16,"29,872",54.5,45.5,83,17
5707000,500405,Cossatot River School District,71973,967,11,7,12203,3.4,0,0.4,0.1,27.8,64.3,3.9,14,76,16,18.39,19.16,17.53,16.88,19.39,4,1,,5,,,93.26,0.9,94.7,63,38,0,"5,784","35,654","2,201",79,0,15,0,3,0,1,3,18.9,52.3,28.8,59.7,67.3,32.7,3.1,93.8,33,26.4,66,25,10,"37,900",34,66,78.1,21.9
302000,504680,Cotter School District,72626,765,12,8,8715,0.8,0.3,0.1,0.8,2.5,94.6,0.9,15,70,0,19.5,20.35,19.29,18.62,19.21,,1,,,,,94.42,0.87,91.1,62,38,0,"5,073","38,894","2,015",96,1,1,0,0,0,0,2,22.5,56.2,21.2,77.2,78.8,21.1,10.3,98.8,31.7,27.8,71,19,9,"43,000",36.1,63.9,69.4,30.6
2403000,504740,County Line School District,72928,492,13,10,9104,1.2,5.1,0.8,0,2,90.2,0.6,15,72,2,19.03,19.7,17.7,18.7,19.3,,,,,,,95.84,0.47,100,76,24,0,"3,210","44,539","1,258",94,0,1,2,2,0,0,1,11.2,57.2,31.6,67.1,81.3,18.7,1,82.9,20,18.8,79,4,15,"69,167",37.5,62.5,73.3,26.7
1901000,507740,Cross County School District,72324,580,15,10,11175,0.2,0,5.3,0,2.2,91.4,0.9,13,72,0,18.14,19.49,17.51,17.03,17.91,,3,,7,,,91.47,0.38,70.4,45,53,0,"3,606","39,896","1,555",84,2,0,0,0,0,0,13,11.7,53.3,35.1,57.7,72.2,27.7,8.8,93,21.2,19.2,69,28,4,"52,875",33.3,66.7,71.4,28.6
201000,504800,Crossett School District,71635,1659,15,10,10042,0.2,0.6,33.6,0,2.2,61.5,1.8,11,66,2,17.5,17.63,16.85,16.91,17.94,,3,7,73,0,0,94.99,0.93,83.5,48,50,1,"11,671","38,858","4,575",70,24,4,0,0,0,0,1,7.8,49.1,43,62.5,79.5,20.7,8.9,98.1,32,42.1,59,37,5,"43,836",44,56.4,76,24
2601000,504860,Cutter-Morning Star School District,71901,677,13,6,9437,1,0.7,3.1,0,9.5,78.3,7.4,14,77,2,18.88,19.74,17.55,17.81,19.74,,,,11,,,97.14,0.93,100,47,53,0,"3,401","50,169","1,175",90,2,3,0,0,0,0,5,20.5,49.4,30.1,72.2,74.3,25.7,,,,,,,,,,,,
7503000,504890,Danville School District,72833,820,13,11,10147,0,1.2,1,0,51.3,45.5,1,17,71,25,19.98,20.74,19.74,18.5,20.4,,1,,,,,98.1,0,93.4,52,48,0,"4,035","43,740","1,277",69,1,26,2,0,0,0,2,24.3,57.1,18.5,67.1,74.7,25.4,5.4,95.5,18.7,27.1,61,22,15,"43,892",55.1,44.9,77.9,22.1
7504000,504930,Dardanelle School District,72834,2098,17,13,9238,0.1,0.5,2,0,35.2,59.7,2.4,15,70,21,20.9,20.99,20.84,19.99,21.03,,,,2,,,94.66,0.42,97.4,53,46,1,"10,082","43,531","3,513",73,3,22,0,0,0,0,1,26.5,54,19.6,71.1,77.9,22,6.1,91.5,13.1,6.8,56,30,14,"52,569",34.2,65.8,82.8,16.9
402000,504980,Decatur School District,72722,532,12,6,11850,1.9,6,1.5,2.3,37.6,49.8,0.9,14,79,29,15.19,16.31,12.41,15.41,15.91,,,1,2,1,0,93.02,2.53,64.5,55,45,0,"3,842","46,829","1,309",68,0,20,4,2,0,1,5,15.9,60,24.2,45.4,67.6,32.4,5.2,94.3,24.5,13,62,18,20,"58,563",37.7,63.6,74.4,25.6
5106000,500072,Deer/Mt. Judea School District,72628,420,10,7,10623,0.5,0,1,0,0.7,96,1.9,9,75,,18.73,19.23,18.96,16.92,18.96,,,,,,,97.18,0.46,82.5,38,44,0,"2,041","40,417",809,92,0,3,0,3,0,0,1,10.1,51.7,38.2,54.9,84.6,15.3,0,96.5,3.2,16.1,90,7,3,"49,563",9.7,90.3,,
6701000,500049,Dequeen School District,71832,2382,15,14,9750,1.4,0.6,2.4,3.7,59.7,29.4,2.7,8,78,35,19.53,19.99,19.09,18.88,19.53,5,2,,1,,,93.94,2.29,100,45,55,0,"13,846","48,200","4,532",56,5,36,0,2,0,0,1,17.4,58.7,24,70.8,69.4,30.7,6.7,95.6,29.3,19.6,77,19,4,"50,542",25.8,74.2,80.3,19.7
901000,505170,Dermott School District,71638,339,8,1,12757,0,0,93.5,0,2.1,3.2,1.2,18,95,0,15.83,15.22,14.89,16.28,16.39,,1,1,1,0,0,94.22,3.08,79,78,3,0,"3,426","31,578","1,339",32,64,3,1,0,0,0,0,7.7,49.9,42.3,52,76.5,23.4,10.7,100,56.6,54.8,40,44,16,"28,603",72.6,27.4,,
5901000,505190,Des Arc School District,72040,550,16,12,9617,0,0,9.3,0,1.8,88.2,0.7,15,69,0,20.9,21.1,21.52,19.87,20.45,,,,2,,,93.62,0,96.2,59,41,0,"3,582","41,952","1,627",88,10,0,0,1,0,0,2,23.8,49.1,27,57.6,66.9,33,11.8,100,3.2,15.9,88,12,0,"58,456",29,71,91,9
101000,500001,Dewitt School District,72042,1186,13,13,10392,0.1,0.2,11.5,0.2,4.3,80.3,3.5,12,65,3,18.63,19.04,17.63,17.61,19.66,,,,,,,93.75,3.96,90.2,62,36,1,"8,778","39,381","3,689",80,15,4,0,0,0,0,1,12.4,48.5,39.1,58.3,66.4,33.6,23.7,100,14.8,28.8,63,29,8,"50,439",34.4,65.6,81.4,18.6
3102000,505340,Dierks School District,71833,543,12,10,9856,1.7,0,1.1,0,7.2,89.7,0.4,14,77,4,19.03,19.97,18.59,17.84,19.16,,1,1,2,0,0,93.36,0.4,97,40,60,0,"2,601","39,395","1,041",93,0,3,0,0,0,0,4,22.8,46.4,30.7,67.5,70.7,29.3,2.7,96.3,16.1,1.6,66,16,16,"56,250",8,90,88.4,11.6
3502000,505410,Dollarway School District,71602,941,13,9,15019,0.3,0.3,91.7,0.9,1.6,4.7,0.5,13,93,1,15.04,14.79,13.81,15.38,15.48,2,2,2,86,0,0,90.41,3.13,64.4,56,37,0,"11,679","31,280","3,769",35,60,3,1,1,0,0,1,12.9,52.4,34.8,44.6,71.1,28.8,10.1,99.1,50.7,50.6,31,53,11,"31,048",57.8,42.8,74.1,25.9
5802000,505430,Dover School District,72837,1304,14,11,9323,0.8,0.5,0.5,0,3.5,93.2,1.5,17,66,1,19.49,20.68,19.41,18.16,19.41,,2,4,1,0,0,93.62,1.59,94.9,61,39,0,"7,822","43,419","2,918",96,0,1,1,1,0,0,2,25.8,55,19.2,62.6,74.7,25.3,3.2,98.1,25.1,26.9,70,13,17,"63,047",22.2,77.8,81.5,18.5
2202000,505470,Drew Central School District,71655,1061,15,8,9862,0,0.2,26.7,0,6.1,64,3,16,73,4,18.35,18.98,17.71,17.35,18.45,1,3,22,120,0,0,94.33,2.56,94.5,52,26,0,"6,528","48,973","2,405",75,20,3,1,0,0,0,1,23.8,53.4,22.8,61.3,51.9,48,6,99.4,10.5,10.8,79,12,4,"83,942",19.4,80.6,78.3,21.7
2104000,505500,Dumas School District,71639,1158,13,3,11861,0.2,0.5,67.6,0,11.7,19,1,13,80,7,16.23,16.42,15.37,15.63,16.87,,2,1,23,0,0,93.83,0,86.9,58,27,1,"12,557","32,204","3,358",43,49,6,0,0,0,0,0,13.3,59.5,27.2,47.9,64,36,6.6,92.6,29.2,27.9,57,31,5,"41,979",38.4,61.6,77.5,22.5
1802000,505550,Earle School District,72331,527,13,6,13705,0,0,96.6,0,0.2,1.7,1.5,13,95,0,14.8,14.98,13.48,15.24,15.1,,2,,9,,,92.53,1.99,60,53,25,0,"3,021","33,706","1,163",26,68,2,0,0,0,0,5,12.3,52.9,34.9,67.2,63.1,36.9,6.9,99,27.3,33.3,49,46,5,"40,139",54.4,47.4,84.8,15.2
5301000,505580,East End School District,72016,630,12,7,10198,0.5,0,3,0,10.2,83,3.3,22,60,3,19,19.83,18.45,18.34,18.93,,,,,,,96.51,0,90.3,62,36,0,"3,773","48,900","1,280",92,3,4,0,0,0,0,0,27.6,55.1,17.2,59.1,67.6,32.5,8.3,93.7,20.6,21.3,79,15,6,"67,695",10.6,87.2,87.8,12.2
5608000,500048,East Poinsett Co. School Dist.,72354,660,16,8,9917,0,0,10.3,0,9.1,76.5,4.1,17,80,3,17.12,17.33,16.37,16.63,17.61,,,,,,,94.89,1.32,89.5,75,23,2,"3,621","39,267","1,401",86,7,4,0,0,0,0,3,13.3,48.2,38.5,63.3,73.8,26.1,10.9,90.9,26.4,35.2,53,37,10,"42,446",48.4,51.6,75.6,24.4
7001000,505680,El Dorado School District,71730,4192,18,10,9388,0,1.2,48.2,0,9.8,37.5,3.2,8,64,5,18.71,19.02,18.13,17.89,19.26,1,6,1,13,0,0,94.25,1.37,89.6,63,37,0,"25,189","44,492","9,844",53,39,5,1,1,0,0,1,9,45,46,61.5,71.1,28.9,6.5,97.8,30.1,24.1,50,40,9,"53,457",37.7,62.3,79.3,20.7
7201000,505760,Elkins School District,72727,1250,16,8,9400,1.6,0.2,1,0.1,4.4,88,4.7,12,47,1,19.41,20.08,19.24,17.9,19.73,2,2,,2,,,95.61,0.69,93.7,62,38,0,"5,524","57,250","2,008",93,0,4,1,0,0,0,2,30.1,48.4,21.7,67,85.3,14.7,3.2,97.2,5,1.8,86,7,6,"69,965",20,80,84.6,15.4
1408000,500068,Emerson-Taylor-Bradley School District,71740,1034,12,11,10316,0.2,0,15.6,0,2.8,79.7,1.7,10,47,0,19.92,21.27,19.04,18.4,20.21,,1,,16,,,94,1.31,92.6,43,57,0,"5,039","30,795","2,016",80,17,1,0,0,0,0,2,19.6,38.8,41.6,49.5,70.1,29.7,11.4,95.3,11.7,12.1,74,18,6,"75,268",31.3,69.7,76.7,22.7
4302000,505850,England School District,72046,628,12,7,11536,0.3,0.2,34.1,0,9.2,52.9,3.3,15,76,7,17.18,17.26,16.8,16.46,17.36,,1,1,27,0,0,91.57,0.36,97.5,61,39,0,"4,007","42,228","1,569",69,26,3,0,0,0,0,1,12.7,55.6,31.8,58.6,72.2,27.8,7.3,98.2,25.4,28.3,60,35,5,"57,235",35,65,86,14
802000,505970,Eureka Springs School District,72632,649,11,8,12751,0.6,1.1,1.4,0,7.7,88.3,0.9,14,58,6,20.6,20.88,20.38,19.64,20.76,,1,1,4,0,0,91.31,1,100,46,52,0,"7,633","42,341","3,809",90,2,6,1,1,0,0,1,24.1,53.8,22.2,70.5,77.6,22.4,14.3,99.2,22.6,10.5,68,30,0,"65,099",35.5,64.5,94.8,4.3
7202000,506090,Farmington School District,72730,2556,19,5,8276,0.7,0.6,2.3,0.1,8.7,82.6,5,13,34,4,20.88,21.91,20.35,19.51,21.2,1,,,,,,94.29,0.08,98.6,53,45,1,"12,100","60,236","4,926",89,3,4,0,1,0,0,3,35.1,51.2,13.7,85.7,90.9,9.1,3.2,87.9,6.3,3.8,74,12,11,"81,346",24.6,75.4,88.6,11.4
7203000,506120,Fayetteville School District,72701,10487,18,12,10558,0.4,3.1,9.9,0.9,11.9,66.5,7.3,14,38,8,22.66,23.8,22.81,21.09,22.32,3,18,6,28,0,0,93.8,1.75,93.3,28,69,3,"90,361","43,945","36,700",78,6,8,3,1,0,0,3,33.3,49.5,17.2,82.8,55.3,44.8,4.9,96.8,14.1,14.3,60,25,14,"73,542",45,55,83,17
4501000,506150,Flippin School District,72634,866,13,11,9986,0.5,0.5,0.1,0.1,2.7,93.2,3,16,73,0,18.25,19.39,17.89,16.55,18.86,,1,,,,,92.92,1.2,94.4,42,51,0,"7,065","36,703","2,950",95,0,2,1,1,0,0,2,12.9,68.6,18.5,75.7,76.3,23.8,11,89.6,20.9,36.1,67,21,11,"48,500",27.8,72.2,81,19
2002000,506210,Fordyce School District,71742,754,12,8,12082,0.1,0.1,58.4,0,4.2,35.5,1.6,12,70,2,17.88,18.18,16.88,17.49,18.24,5,4,4,13,0,0,94.44,5.15,88.4,62,38,0,"5,039","33,958","2,005",50,45,3,0,1,0,0,1,13.9,43.9,42.2,60.2,67.1,33,5.7,99.2,13.3,35.4,39,49,13,"42,203",37.5,62.5,77.7,21.5
4102000,506240,Foreman School District,71836,496,14,11,8948,2.4,0,13.7,0,6.5,73.8,3.6,14,71,2,19.43,19.48,18.13,19.18,19.95,1,8,,2,,,96.27,0.43,97.9,67,33,0,"2,816","36,486","1,251",67,28,2,0,3,0,0,1,14.8,58.3,27,59.3,73.7,26.3,6,98.8,17.4,31.1,49,43,8,"56,250",37.7,62.3,78,22
6201000,506270,Forrest City School District,72335,2196,17,13,11991,0.1,0.7,90.3,0,1.8,6.1,1,13,83,2,14.86,14.39,13.66,15.4,15.35,1,4,3,11,0,0,93.24,1.27,69.7,63,33,5,"21,827","35,716","7,463",37,59,3,1,1,0,0,1,11.5,62.3,26.2,53.1,63.7,36.5,6.9,95,32.1,40,36,51,8,"41,549",49,51,73.5,26.5
6601000,506330,Fort Smith School District,72901,14136,19,14,10637,0.9,5.4,11.1,0.1,33.4,40.4,8.7,13,72,22,19.99,20.52,19.53,19.09,20.25,1,17,24,63,1,0,93.25,0.92,98.3,52,45,2,"89,875","39,666","36,260",61,9,19,6,1,0,0,4,11.6,46.6,41.8,72.3,68.6,31.4,7.7,94.4,30.7,30.9,53,32,14,"41,847",47.5,52.5,77.2,22.8
4603000,506360,Fouke School District,71837,1077,14,14,10058,0.9,0.1,0.7,0,1.9,95,1.4,9,60,,18.56,19.04,17.77,18.21,18.54,1,2,,5,,,94.54,1.23,99.2,67,32,0,"5,920","44,834","2,289",94,3,0,2,0,0,0,1,19.4,61.7,19,68.9,64.7,35.2,0.4,93.5,9.6,20,66,19,12,"52,900",27,73,76.7,23.3
2602000,506420,Fountain Lake School District,71901,1347,14,11,10607,0.4,0.3,0.6,0,10,83.9,4.8,16,50,2,18.69,19.7,17.73,17.97,18.74,2,,,5,,,92.57,0.46,92.4,58,41,0,"14,340","58,190","6,638",95,1,3,0,0,0,0,1,31.9,59.4,8.7,84.3,87,13.1,5.7,91.3,17.8,15.8,68,26,6,"54,306",24.1,75.9,89,11
4602000,504110,Genoa Central School District,71854,1168,15,14,8572,0.2,0.2,0.1,0.2,1,97.4,0.9,7,47,1,20.37,21.42,19.8,19.68,20,1,3,,1,,,95.29,0.72,98.9,65,32,0,"4,571","46,250","1,653",100,0,0,0,0,0,0,0,40.1,51.1,8.7,82.3,61.7,38.3,1.2,99.6,15.9,7.4,83,7,3,"70,116",9.4,91.3,72.3,27.7
403000,506540,Gentry School District,72734,1466,15,12,9950,4.2,8.6,0.4,0.1,14.7,63.3,8.7,13,60,11,19.9,20.52,19.63,18.62,20.3,1,2,1,,0,0,91.12,1.49,94.2,55,29,1,"8,573","55,677","3,000",82,1,8,3,2,0,0,4,31.1,49.8,19,45.5,82.7,17.3,6.2,100,21.4,24.1,53,23,24,"59,769",48.2,51.8,78.6,21.4
3002000,506630,Glen Rose School District,72104,1033,15,14,9292,0.4,0.2,0.9,0,4.4,91.2,3,13,55,,19.7,20.13,19.66,18.7,19.77,2,,1,6,0,0,94.29,0.79,94.2,46,54,0,"5,173","49,420","1,766",98,0,0,1,0,0,0,1,21.9,54.4,23.8,64.4,58,42,12.2,87.6,23.3,26.1,74,14,11,"64,878",51.4,48.6,73.8,26.2
4708000,500029,Gosnell School District,72315,1215,14,14,9721,0,0.4,19.8,0.1,7.4,67.8,4.4,14,72,1,19.16,18.98,18.71,18.69,19.65,,,,3,,,94.67,1.03,94.5,66,33,1,"5,354","44,408","2,077",77,18,1,1,0,0,0,3,9.8,60.7,29.6,72.6,62.1,38,4.5,96.7,30.3,16.5,68,24,8,"58,281",29.9,70.1,80.1,19.9
404000,506840,Gravette School District,72736,1897,19,13,9602,2.5,1.2,0.4,0.8,6.6,85.4,3.1,12,49,4,20.03,20.03,19.27,19.56,20.74,5,2,1,8,0,0,93.81,1.69,97.9,52,42,0,"16,134","61,378","6,643",93,0,3,0,1,0,0,2,37.3,50.5,12.2,68.4,91,9,3.8,96,10.8,4.1,71,21,7,"78,073",30.9,69.1,82.1,17.9
803000,506870,Green Forest School District,72638,1378,14,11,9822,0.5,6.5,0.4,5.8,43.9,42.1,0.8,13,84,39,18.53,19.29,17.11,18.36,18.62,1,7,,14,,,92.79,2.88,92.4,49,51,0,"7,143","43,184","2,542",72,0,22,1,1,0,0,4,15.4,53.1,31.5,58.1,70.8,29.2,2.5,95.6,14.5,23,77,16,7,"52,147",49.3,50.7,81.7,18.3
2303000,506900,Greenbrier School District,72058,3553,17,9,8759,0.3,0.5,2,0,3.7,91.7,1.8,10,40,1,22.52,22.64,22.52,21.85,22.42,4,1,,3,,,94.01,0.36,98,46,52,2,"16,566","56,285","5,855",92,2,4,0,0,0,0,2,41.9,48.6,9.6,70,74.6,25.3,9.8,98.3,9.9,12.5,80,15,4,"69,286",27.5,72.5,76.8,23
2807000,513080,Greene County Tech School District,72450,3627,18,14,9291,0.3,0.8,2.7,0.7,3.4,91.8,0.4,17,50,3,19.81,20.78,19.56,18.44,19.88,9,8,,2,,,93.65,0.29,98.3,43,56,1,"20,379","52,458","7,644",94,0,3,1,0,0,0,2,24.5,59.3,16.3,77.6,75.1,24.8,18.8,99.3,15.4,17.1,70,24,6,"63,861",27.3,72.7,84.9,15.1
7204000,506930,Greenland School District,72737,753,13,10,10466,0.5,0.4,0.9,0.3,8.5,84.1,5.3,18,66,3,20.24,21.31,20,18.11,20.63,,1,,2,,,94.47,1.09,93.3,68,33,0,"7,194","46,757","2,730",85,2,10,1,1,1,0,1,29.3,48,22.7,69.5,83.7,16.2,3.6,94.9,19.3,6.1,66,33,1,"53,929",32.1,67.2,83.1,16.9
6602000,506990,Greenwood School District,72936,3754,17,11,9210,2.3,1.5,0.9,0.1,4.5,85.9,4.8,14,34,2,22.68,22.96,22.75,21.81,22.67,8,6,3,5,0,0,95.8,0.11,96.5,64,34,2,"21,131","59,472","8,105",93,1,2,1,1,0,0,3,32.5,52.8,14.6,77.3,81,19,10.5,96.7,12.5,10.4,74,20,6,"84,239",27.4,72.6,86.5,13.3
1003000,507110,Gurdon School District,71743,664,13,10,10965,0.3,0,23.8,0,20.5,52.7,2.7,16,76,9,17.9,19.31,17.33,16.6,17.98,,,2,,0,0,93.4,0.66,93.8,55,45,0,"4,270","38,377","1,894",61,32,5,0,0,0,0,1,16.2,57.4,26.4,61.8,71.2,28.9,12.7,100,21.4,35.9,49,38,7,"35,417",29.1,69.9,70.7,29.3
2304000,507140,Guy-Perkins School District,72061,326,12,5,11266,0,0,12,0,3.7,80.7,3.7,16,69,,19.54,21.14,19.14,18.18,19.04,,,,,,,95.45,0.59,89.7,56,44,0,"2,214","54,103",792,86,10,0,0,0,0,0,4,27.4,56.6,16,68.8,66.4,33.5,6.2,100,10.4,22.2,83,14,2,"76,250",16.7,86.1,79.1,20.9
6603000,507170,Hackett School District,72937,736,15,12,9878,2.9,0.7,0.8,0.1,4.1,86.5,4.9,15,70,1,17.35,17.8,16.24,17.2,17.47,1,1,1,6,0,0,95.18,0.28,92.2,68,32,0,"5,050","47,176","2,095",86,0,4,1,3,0,0,6,21.4,54.4,24.2,67.8,79.4,20.6,12.1,96,22,26.6,67,26,7,"53,542",33,67,82.7,16.7
203000,500042,Hamburg School District,71646,1696,18,10,9841,0.1,0.1,19.8,0,17.7,60.8,1.6,9,66,10,17.9,17.99,16.82,17.73,18.46,,1,3,24,1,0,94.19,1.25,91.8,49,51,0,"8,451","42,195","3,196",67,25,7,0,0,0,0,0,13.7,57.6,28.7,57.7,63,36.9,6.5,98.6,19.6,17.8,75,20,5,"67,868",19.1,80.9,81.4,18.6
701000,507230,Hampton School District,71744,538,12,11,11380,0,0,21,0,6.5,72.1,0.4,14,74,1,16.68,16.42,15.58,17,17.24,,1,,,,,96.89,0.79,93.3,75,25,0,"3,760","45,170","1,525",73,22,5,0,0,0,0,1,16.7,44.5,38.7,62.2,67.4,32.5,12.7,99.2,19.6,20.6,73,18,10,"54,063",15.9,84.1,79.1,21.8
5205000,507290,Harmony Grove School District (Ouachita),71701,932,10,7,9561,0.3,1.1,19.1,0.1,5.5,73.2,0.8,11,55,1,18.75,19.48,18.56,18.02,18.29,2,3,,1,,,94.57,0.66,100,60,37,0,"4,806","40,968","2,030",78,21,1,0,0,0,0,1,11.9,55.5,32.4,66.6,74.4,25.6,5.5,98.4,22.3,20,76,19,1,"58,045",14.7,85.3,87.6,12.4
6304000,507320,Harmony Grove Sch Dist(Saline),72015,1204,15,10,8590,0.2,0.5,1.4,0.1,4.2,91.3,2.3,13,34,1,19.71,19.89,19.33,19.13,19.88,2,,,15,,,94.56,0.35,97.2,63,29,2,"5,970","69,476","1,647",92,3,2,0,0,0,0,3,37.7,43.4,18.9,78.6,78,22,11.1,96.2,5.6,29.8,69,25,6,"76,970",19,80.2,91.6,8.4
5602000,507350,Harrisburg School District,72432,1129,14,10,11413,0.4,0.1,3.3,0,4.1,91.9,0.3,19,74,1,17.01,17.18,16.95,16.49,16.91,,9,6,21,0,0,95.13,1.95,91.9,44,49,6,"6,950","40,814","2,767",91,1,3,0,0,0,0,5,9.3,52.6,38.2,71.6,77.5,22.5,13,100,17,25,47,35,13,"40,528",41.2,58.8,74.9,25.1
503000,507380,Harrison School District,72601,2727,17,11,9624,0.4,0.7,0.5,0.1,3.9,92.2,2.2,11,51,1,20.88,21.84,20.72,19.49,20.79,9,2,2,8,0,0,94.73,0.65,97.2,55,41,2,"20,757","42,705","8,478",94,1,2,1,0,0,0,2,13.6,53.3,33,78.8,76,24.1,7.1,98.1,20.2,26.6,64,26,9,"43,534",40.7,59.3,82,18
5903000,507530,Hazen School District,72064,569,13,8,9955,0,0.2,22.1,0,1.2,75,1.4,16,72,,16.53,16.27,15.88,17.14,16.47,,,1,,0,0,94.41,1.52,97.8,42,58,0,"4,473","39,211","2,140",82,16,1,1,0,0,0,0,18.4,45.2,36.4,51.1,68.4,31.6,13.8,99.3,26.2,20.7,54,30,13,"48,594",33.7,66.3,83.7,16.3
1202000,507560,Heber Springs School District,72543,1536,13,10,9676,0.5,0.5,0.3,0.1,4.9,91.6,2.1,15,51,1,21.14,22.45,20.56,19.9,21.16,,,5,4,1,0,96.21,2.18,94.5,48,52,0,"11,729","45,160","4,930",94,1,4,1,1,0,0,0,18.9,66.9,14.1,72.9,75.1,24.8,1.3,96.4,22.3,15.8,67,24,10,"58,015",43.7,56.3,80.5,19.5
5803000,507620,Hector School District,72843,609,12,8,9279,0.5,0.8,0.2,0,3.9,92.9,1.6,16,73,1,18.48,19.16,18.13,16.65,19.19,,,,13,,,93.33,1.12,99,58,42,0,"3,746","41,189","1,427",95,1,1,0,1,0,0,3,23.7,53.6,22.8,60.5,72.1,27.9,5.4,97.9,21.2,19.3,68,14,14,"54,760",10.5,89.5,72.7,27.3
5403000,507680,Helena/ West Helena School District,72342,1199,15,15,12368,0,0,94.5,0,0.3,4.2,1,15,97,0,15.71,15.3,14.67,15.71,16.55,1,1,7,9,2,0,91.82,0.87,62.5,63,34,2,"12,661","25,560","4,822",25,73,1,0,0,0,0,1,3,50.1,46.8,63.1,69.3,30.8,12.1,91.7,47.2,47.9,37,53,10,"25,135",73.9,26.1,83.6,16.4
601000,507710,Hermitage School District,71647,428,12,5,11743,0.2,0,16.6,0,29,53.3,0.9,10,75,18,18.92,19.72,17.68,18.16,19.56,,,1,6,0,0,94.98,0,82.2,64,36,0,"2,685","50,093","1,146",64,21,15,0,0,0,0,0,15.5,62.8,21.8,60.5,58.9,41,11.4,94.5,32.7,34.4,55,31,16,"57,417",42.2,57.8,85.9,14.1
6804000,507770,Highland School District,72542,1608,15,12,9443,0.2,0.2,1.4,0,2.4,95,0.8,12,72,0,19.1,19.95,18.62,18.19,19.23,,2,,14,,,93.57,1.45,95.7,62,35,0,"12,417","36,425","5,512",96,0,2,0,1,0,0,2,18.8,65.6,15.6,61.1,82.6,17.4,7.1,98.1,19.5,33,65,17,14,"40,405",21.6,78.4,76,24
3809000,500071,Hillcrest School District,72469,426,12,5,12045,0,0,0.2,0,1.6,97.2,0.9,17,73,0,18.49,18.38,17.78,18.11,19.11,4,1,,,,,95.32,0.51,85.7,47,42,0,"3,560","40,636","1,417",96,0,1,0,1,0,0,2,18.9,58.1,23.1,55.3,72.9,27.2,21.1,97,36.2,32.4,63,22,15,"40,667",29.4,70.6,55.7,43.3
2903000,507840,Hope School District,71801,2274,16,11,10479,0.2,0.6,44.3,0,33.2,19.9,1.7,11,83,23,15.22,15.75,13.69,15.21,15.68,7,7,6,6,0,0,92.93,1.83,83.6,50,50,0,"15,118","38,348","5,479",48,36,15,0,0,0,0,1,11.8,48.3,39.9,67.4,75.4,24.6,6.3,93.8,36.1,23.5,46,44,8,"36,411",45.2,54.8,78.6,21.1
6703000,507860,Horatio School District,71842,823,13,12,9818,2.9,0,0.9,0.1,22.4,73.3,0.5,11,76,13,19.2,20.41,18,17.89,19.93,,1,,,,,94.57,0.54,97.6,46,52,1,"3,825","41,515","1,430",68,7,20,0,1,0,0,4,13.4,56.7,30,70.5,75.3,24.6,8.1,94.1,30,35.7,62,23,12,"47,169",39.3,60.7,76.3,23.7
2603000,507890,Hot Springs School District,71913,3579,17,9,10934,0.4,0.9,35.6,0,19.6,34.3,9.2,17,82,10,17.3,17.51,16.67,16.74,17.62,,15,2,95,0,0,93.74,2.16,97.7,65,31,3,"31,362","30,748","13,434",65,19,10,1,1,0,0,4,9.7,32.1,58.2,68.9,62.2,37.8,8.6,94.5,34.6,34.3,37,39,15,"31,356",51.8,48.2,67.8,32.2
3804000,507990,Hoxie School District,72433,799,13,11,9854,0.3,0.1,1.1,0,2.5,93.6,2.4,16,75,,18.75,20.02,18.61,16.75,19.02,,2,,4,,,95.67,0.78,100,49,49,0,"3,583","30,583","1,564",95,0,1,0,0,0,0,3,7.9,55.2,36.8,61.3,81.8,18.2,10.2,98.5,21.3,27.8,66,19,15,"52,961",29.1,70.9,73.8,26.2
4401000,508130,Huntsville School District,72740,2237,15,12,10115,0.9,0.5,0.4,3.5,10,81.9,2.8,13,63,7,19.35,19.67,18.73,18.67,19.64,,1,5,9,0,0,96.58,1.65,94,68,30,1,"15,140","43,811","5,757",89,0,6,1,2,0,0,2,26.8,46.6,26.5,62.2,76.5,23.5,8.9,96,14.1,14.6,81,14,3,"72,208",25.5,74.5,79.5,20.5
3306000,500021,Izard County Consolidated School District,72517,527,12,10,10713,0,0,0.6,0,2.8,95.3,1.3,15,75,,17.5,18.07,16.57,17.21,17.57,1,1,,,,,92.65,0,92.9,55,37,0,"4,419","32,672","1,894",95,0,1,0,3,0,0,1,10.3,68.6,21.2,54.6,76.9,23.1,8.8,79,28.6,28.3,80,15,7,"36,520",26.7,73.3,63,38
3405000,513230,Jackson Co. School District,72473,850,14,9,9932,0.6,0,5.4,0,1.6,91.5,0.8,14,68,0,18.22,19,18.1,16.96,18.29,2,,,,,,93.23,0,100,34,61,0,"4,538","37,065","1,922",88,1,1,0,0,0,0,9,13.1,47.8,39.1,62.1,84.9,15.2,8.2,96.3,20.4,19.2,62,23,13,"46,071",23.1,77.9,72.5,27.5
6004000,500419,Jacksonville North Pulaski School District,72076,4014,18,5,9713,0.6,0.8,52.5,0.1,7.8,34.8,3.4,16,73,5,17.33,17.88,16.48,16.9,17.57,8,2,11,59,0,0,94.49,6.02,89.1,64,29,0,"37,913","48,543","13,843",59,30,7,1,0,0,0,3,17.5,58.4,24.1,72.6,70.1,29.8,13.8,92.5,22.1,28.6,50,42,6,"49,366",52.4,47.6,76.8,23.2
5102000,508240,Jasper School District,72641,836,11,4,11920,0.5,0.5,0.7,0.1,1.2,96.2,0.8,14,75,0,18.05,19.2,17.23,17.39,18.03,,2,,,,,93.8,0,95.2,53,31,2,"5,527","36,927","2,111",94,0,0,0,3,0,0,2,21.3,49.2,29.6,52.1,81.6,18.5,2.3,94,20.1,7.6,79,18,3,"53,177",12.1,87.9,97.1,2.9
2604000,507920,Jessieville School District,71949,833,13,6,9818,0.5,0.8,2,0.4,4.6,88.5,3.2,12,72,3,19.44,19.88,18.83,18.25,20.12,,1,,2,,,95.76,1.2,99.2,56,44,0,"7,093","48,162","3,086",93,1,5,0,0,0,0,0,13.4,81.4,5.3,84.6,77.1,22.9,4.6,89,34.1,33.3,67,33,0,"53,250",39.6,60.4,,
1608000,508280,Jonesboro School District,72401,6410,17,12,10282,0.1,0.7,45.5,0,14.5,34.4,4.7,16,74,8,18.68,19.1,17.82,18.47,18.7,5,6,1,2,0,0,92.49,1.37,98,53,41,6,"38,449","37,923","15,035",64,23,8,2,0,1,0,3,13.5,59.8,26.6,73.9,63.3,36.8,12.1,92.3,28.8,38.6,48,47,5,"47,400",59,41,79.7,20.3
7003000,508340,Junction City School District,71749,683,13,7,12579,0,0.3,39.5,0,1.6,58.4,0.1,9,64,0,17.31,17.92,16.85,16.25,17.65,,,,,,,94.16,1.55,93,60,40,0,"3,368","45,308","1,424",73,20,4,0,3,0,0,0,22.4,50,27.7,59.8,58.8,41.2,,,,,,,,,,,,
5503000,508490,Kirby School District,71950,384,13,11,9010,0,0,0.3,0,9.4,87,3.4,9,76,4,19.56,20.48,18.8,17.88,20.32,,,,,,,94,0,94.4,45,55,0,"2,748","41,827","1,020",94,0,2,1,1,0,0,2,25,50.4,24.6,61.2,73,27,10.8,93.3,17.3,20.3,66,22,10,"62,500",3.4,96.6,67.3,32.7
3704000,500065,Lafayette County School District,71845,521,13,9,13663,0,0.2,61,0,3.1,32.4,3.3,12,87,0,16.64,17.05,15.36,16.64,17.26,,,1,5,0,0,94.72,0.84,87.3,55,45,0,"5,328","33,211","2,151",49,46,3,1,0,0,1,1,10,51.2,38.7,54.1,67.3,32.7,6.3,97.8,45.2,40,35,61,4,"22,583",33.8,67.5,77.9,22.1
2605000,508610,Lake Hamilton School District,71964,4367,18,14,9310,0.5,0.4,4,0.1,11.9,77.1,6,11,57,5,19.78,20.33,19.2,18.83,20.14,3,1,2,9,0,0,93.71,1.18,97,38,60,1,"26,091","50,172","10,238",89,4,3,0,1,0,1,1,31.6,49.6,18.9,76.6,68,32,10.3,95.5,16.7,20.8,53,37,10,"59,255",33.2,66.8,85.9,14
2606000,508670,Lakeside School Dist(Garland),71901,3481,18,12,9292,0.6,1.6,8.2,0.2,11.2,73.4,4.9,11,40,4,21.46,22.38,20.99,20.09,21.6,,3,1,,0,0,94.81,0.85,98.4,41,59,0,"18,699","60,597","7,171",89,4,4,1,1,0,0,1,32.2,52.1,15.7,86,73.9,26,12.4,98.2,13.8,8.4,66,26,9,"72,638",29.3,70.7,75.6,24.4
903000,508640,Lakeside School Dist(Chicot),71653,953,11,10,12207,0.2,0.2,73.9,0,13.4,11.4,0.8,11,84,8,16.27,15.9,15.9,15.65,17.14,,1,,,,,96.67,0.75,95.3,40,60,0,"8,289","33,876","3,335",42,50,7,0,0,0,0,1,14.5,49.5,36,63.1,67.7,32.4,7.4,98.4,45.8,38.9,39,50,9,"30,519",63.8,36.2,77.3,22.7
3604000,508700,Lamar School District,72846,1336,16,11,8579,0.8,0.4,1.9,0.1,7,87.9,1.9,17,70,2,19,19.94,18.05,17.98,19.54,,1,,12,,,95.42,1.29,95.4,37,17,0,"7,003","39,669","2,686",90,0,8,1,0,0,0,1,22.7,51.9,25.4,63.7,75.2,24.7,5.1,98.1,32.9,29.5,62,29,9,"40,815",24,76,80.1,19.9
6605000,508730,Lavaca School District,72941,811,14,7,9413,2,0.7,0.4,0,6.7,82.6,7.6,18,54,2,18.96,19.22,18.51,18.87,18.84,,,,3,,,94.2,0.51,95.7,68,30,0,"5,228","51,830","1,958",86,1,5,0,4,0,0,4,26.6,52.4,21,77.2,84.8,15.2,4.7,93.6,16.4,28.3,79,14,7,"52,386",22.6,77.4,76.2,23.8
3810000,500082,Lawrence County School District,72476,944,15,14,9079,0.4,0.7,0.5,0,4.4,89.5,4.3,17,58,3,18.38,18.66,18.36,17.09,18.69,,1,,,,,93.68,0.69,100,52,44,0,"8,259","39,722","3,004",96,2,1,0,0,0,0,1,8.2,56.8,34.9,66.1,78,22,12.8,98.1,16.6,21.1,68,19,11,"57,727",47.6,53,83.7,16.3
506000,503420,Lead Hill School District,72644,334,11,5,11604,1.2,0.6,0.3,0,3.3,89.5,5.1,16,87,1,19.57,21.38,18.67,18.33,19.19,6,1,6,46,0,0,93.04,1.16,82.7,59,32,0,"3,021","36,641","1,320",91,0,7,1,2,0,0,1,22.7,61.1,16.2,81.9,78.3,21.7,0,97.7,11.3,20.3,75,10,9,"53,411",11.9,88.1,79.8,20.2
3904000,509360,Lee County School District,72360,617,13,10,14398,0,0.2,87,0,4.1,8.6,0.2,18,91,2,14.48,14.52,13.45,15.23,14.23,1,4,,5,,,94.6,2.83,73.9,58,38,4,"9,398","28,367","3,352",41,56,2,0,0,0,0,1,13.8,48.6,37.6,52.2,71.2,28.7,12.7,100,35.7,49.6,40,50,4,"29,167",53.9,45.2,69.9,30.9
7205000,508940,Lincoln School District,72744,1049,16,8,10809,3.8,3,1.1,0.2,9.2,79.2,3.5,16,71,7,18.38,19.15,17.47,17.4,19.07,,1,,,,,94.88,0.94,97.6,49,49,1,"7,162","37,859","2,617",85,1,4,5,2,0,0,4,19.7,48.3,32,63,69.7,30.3,9.8,89,25.1,9.4,57,26,16,"40,417",39.8,59.6,78.9,21.1
6001000,509000,Little Rock School District,72201,21472,18,13,13342,0.3,3.1,60.4,0.1,15.9,19.2,1,14,70,15,18.72,19.1,18.14,18.16,18.92,308,6,113,161,41,6,91.85,0.78,95.4,53,45,1,"179,302","47,346","74,355",44,44,8,3,0,0,0,2,11.4,49.2,39.5,75.4,64.8,35.2,7.9,93.9,24.5,23,43,48,9,"47,603",47.7,52.3,82.4,17.6
4301000,509060,Lonoke School District,72086,1666,16,10,9670,0.2,0.4,22.7,0,8,65.2,3.4,14,67,5,18.26,18.3,17.38,18.09,18.66,,,1,6,0,0,95.37,1.91,88.4,53,47,0,"9,455","48,375","3,566",75,19,5,0,0,0,0,1,20.3,58.4,21.4,66.3,68.7,31.3,5.8,92.9,17.9,19.5,74,20,6,"58,892",29.3,70.7,81.1,18.9
4202000,509150,Magazine School District,72943,512,12,7,10588,0.8,2.5,1,0,2.5,92.6,0.6,17,78,1,18.97,19.16,18.63,18.34,19.03,1,2,,5,,,95.4,1.65,94.2,78,18,0,"2,439","41,806","1,002",92,1,1,3,0,0,0,2,16.6,53.3,30.1,60.4,69.7,30.4,21.8,97.5,28.2,21.4,63,25,13,"58,846",32.1,67.9,74.4,24.4
3003000,509190,Magnet Cove School Dist.,72104,733,13,8,9578,0.1,0.1,0.7,0,2.6,91.8,4.6,15,52,,19.74,20.31,19.02,18.44,20.57,,,,,,,92.37,0.6,97.6,60,19,0,"2,654","68,401","1,089",98,0,2,0,0,0,0,0,26.7,54.7,18.6,77.4,73.7,26.4,,,,,,,,,,,,
1402000,500044,Magnolia School District,71753,2648,15,12,9953,0.2,1.1,53,0,4.5,37.3,4,12,72,2,17.94,18.12,17.42,17.2,18.53,1,8,,9,,,93.87,0.51,93.5,60,38,0,"20,795","36,606","7,783",56,38,3,1,0,0,1,1,11.6,49.7,38.7,61.9,71.5,28.5,4.6,98.3,42.6,40.6,43,47,8,"30,808",43.5,56.5,76.6,23.4
3004000,509240,Malvern School District,72104,1929,14,12,11163,0.3,0.1,27.7,0.1,9.8,53.5,8.5,19,77,5,18.96,19.53,18.63,18.04,19.01,2,3,3,2,0,0,94.81,0.69,98.1,58,41,0,"19,470","38,020","7,191",73,21,4,0,0,0,0,2,8.6,50.6,40.9,61.9,76.2,23.7,20.4,96.4,33.1,35.6,49,36,11,"38,209",37.3,62.7,76.7,23.3
2501000,509270,Mammoth Spring School District,72554,464,11,11,10830,0,0.2,0.2,0,0.9,96.8,1.9,15,73,,19.04,20.16,18.64,17.28,19.56,,1,,2,,,95.3,0,88.7,39,37,0,"2,707","28,292","1,213",97,0,1,1,1,0,0,1,16.3,54.1,29.4,58.1,77.9,22,9.7,91.9,37,22.8,54,46,0,"31,417",38.6,61.4,64.7,36.5
4712000,500046,Manila School District,72442,1051,13,13,9849,0,0.1,0.4,0,4.3,94.3,1,16,60,1,20.19,20.06,19.37,20.12,20.65,,,,1,,,93.37,0.2,93.3,62,38,0,"4,730","45,064","1,832",99,0,0,0,0,0,0,1,11.5,56.7,31.8,65.3,66.4,33.6,4.6,97,23.1,28.2,70,26,3,"56,184",38.7,61.3,70.1,29.9
6606000,509330,Mansfield School District,72944,757,11,9,10336,2.6,2.2,0.8,0,3.7,85.7,4.9,16,72,1,19.77,20.65,18.86,19.65,19.56,,1,,5,,,93.39,1.37,92.9,57,43,0,"7,079","47,576","2,386",87,1,5,1,1,0,0,5,21,46.5,32.5,70.3,76.8,23.2,2.7,89.7,10.2,10,74,16,7,"67,768",21.4,78.6,81.3,18.7
1804000,509390,Marion School District,72364,3926,17,10,9990,0.1,0.9,54.8,0,6.2,35.4,2.6,12,72,3,18.65,19.24,18.41,17.53,18.71,1,5,16,114,0,0,93.3,1.63,87.2,61,37,2,"21,099","53,911","7,761",56,32,3,1,1,0,0,7,30.9,52,17.1,78.5,69.5,30.5,8.2,96.4,16.8,21.1,53,39,7,"61,875",40.2,59.8,90.4,9.6
5604000,509420,Marked Tree School District,72365,472,14,8,10475,0,0,32.6,0,2.5,63.6,1.3,16,85,1,16.78,16.96,15.85,16.63,17.11,,,,,,,92.87,1.32,95.7,61,39,0,"3,547","26,036","1,413",79,12,4,0,0,0,0,5,10.5,46,43.3,66.3,62.3,37.7,13.2,94.3,56.7,51.1,55,44,1,"20,972",36.4,63.6,58.6,41.4
2803000,500016,Marmaduke School District,72443,704,12,8,10041,0,0,0.3,0,2.1,96.2,1.4,14,62,,19.06,19.51,18.38,17.26,20.38,5,1,4,12,0,0,92.54,0.29,98,60,40,0,"3,782","44,669","1,479",94,1,4,0,0,0,0,1,23.3,51.4,25.4,75,69.4,30.7,10.9,100,22.2,20.2,61,25,15,"45,625",27.7,71.3,70.1,29.9
5404000,509510,Marvell-Elaine School District,72366,338,12,14,14645,0,0.3,90.8,0,2.4,5.3,1.2,15,97,1,16.17,17.25,14.88,14.92,16.92,1,,,,,,97.07,2.99,73.3,59,38,0,"3,687","33,253","1,631",45,51,3,0,0,0,0,1,5.8,41.8,52.3,58.3,82.1,17.9,6.3,97.6,59.1,62,22,74,4,"20,909",74,26,65.5,34.5
2305000,509540,Mayflower School District,72106,1046,15,9,9554,0.3,0.1,11,0,3.6,80.8,4.2,16,58,0,17.44,17.78,16.67,16.87,17.77,,1,,4,,,92.43,1.47,97.3,51,49,0,"6,483","59,525","2,239",90,2,4,0,0,2,0,2,38.1,49.3,12.5,68.1,70,30,7.2,85.5,13.3,23.8,79,15,7,"85,223",37.7,62.3,89.2,10.8
6102000,509570,Maynard School District,72444,506,13,8,9167,0,0.4,0.2,0,2.4,95.1,2,15,74,,16.73,16.59,15.5,16.64,17.82,,,,,,,94.78,0,100,39,46,0,"3,245","28,980","1,348",96,1,2,0,1,0,0,1,13.1,66.4,20.5,47,66.9,33,8.5,100,28.2,12.5,56,29,15,"41,071",36.1,62.5,73.2,26.8
7403000,509600,McCrory School District,72101,600,12,10,10681,0,0.8,12.8,0,1.7,84.7,0,16,61,,20.86,20.95,20.25,20.36,21.25,,3,1,6,0,0,94.51,0,96,55,26,0,"2,973","41,250","1,147",86,9,0,3,0,0,0,1,6.1,65.1,28.7,63.9,76.3,23.8,15.2,99,17.2,24.6,73,13,12,"73,810",26.1,73.9,86.8,13.2
2105000,509630,McGehee School District,71654,1135,12,10,10919,0.2,0.6,45.4,0,4.8,46.3,2.7,14,75,2,18.02,18.53,17.63,17.45,17.88,,2,,3,,,94.72,1.88,92.3,47,52,1,"6,357","26,962","2,704",55,41,2,0,0,0,0,1,14.2,50.3,35.4,46.9,73.4,26.6,10,97.4,45.5,47.6,46,44,11,"24,519",37.8,62.2,84.6,14.9
3302000,509720,Melbourne School District,72556,838,13,9,9920,1.2,0.1,1.1,0,2.4,95.2,0,13,58,1,19.53,19.74,19.81,18.49,19.7,,,,4,,,94.76,0.25,93.9,45,54,2,"5,012","45,012","1,897",97,0,1,0,0,0,0,2,18.4,58.8,22.9,59.9,78.9,21.1,0,96.4,14.5,16.4,78,16,1,"44,952",24.7,75.3,88.9,11.1
5703000,509750,Mena School District,71953,1725,12,12,9362,1.9,1.7,0.9,0.1,5.6,89.2,0.6,12,67,2,20.34,21.16,19.85,19.76,20.28,,2,,,,,95.01,1,95.4,71,29,0,"12,234","37,920","5,182",91,0,4,1,1,0,0,3,19.1,48.1,32.8,64.4,79.4,20.5,5.2,95.5,31.5,24.9,61,30,7,"39,336",38.9,61.1,83.8,16.2
3211000,500020,Midland School District,72568,495,11,8,12189,0,0.4,0.8,0.2,3.6,93.3,1.6,17,73,1,17.92,18.97,17.36,16.33,17.92,,,1,2,0,0,94.63,2.04,100,63,30,0,"3,362","44,453","1,334",99,0,1,0,0,0,0,0,24.5,50.7,24.7,50.8,66.2,33.8,0.7,91.5,17.5,20.8,71,6,25,"77,877",27.8,72.2,,
3104000,509780,Mineral Springs School District,71851,411,10,12,17080,0,1.2,68.9,0,13.6,14.1,2.2,16,90,7,16.72,17,15.44,16.2,17.6,,,,,,,96.19,1.16,96.8,57,43,0,"3,509","31,859","1,546",54,41,3,0,0,0,0,1,13.9,64,22.1,58.9,67.3,32.7,7.1,100,24.4,14.8,66,30,3,"49,712",31.1,68.9,94.5,6.4
2203000,509840,Monticello School District,71655,1786,17,14,10090,0.4,1.1,38.4,0,4.5,55.4,0.1,12,54,2,19.71,20.39,18.85,19.21,19.8,7,3,,2,,,94.23,0.86,89.6,44,53,0,"10,977","41,854","4,260",62,34,3,0,0,0,0,1,19.8,61.6,18.7,72,59.2,40.8,8.1,96.1,24.2,19.5,63,31,5,"60,481",32.7,67.3,88.4,11.3
4902000,509990,Mount Ida School District,71957,447,10,7,11170,1.3,0,0,0,4,91.5,3.1,15,72,1,18.84,19,16.97,18.65,19.84,,3,,3,,,92.93,0.95,97.7,47,53,0,"4,350","40,731","1,860",92,1,2,2,2,0,0,1,22.1,50.4,27.4,61.9,60.4,39.5,5.9,100,28.2,28.1,58,25,16,"41,250",28.1,71.9,70.2,29.8
303000,500043,Mountain Home School District,72653,3943,17,12,9163,0.5,0.7,0.3,0.3,4.4,90.8,3,13,50,1,20.68,21.6,20.46,18.92,21.13,,4,5,37,1,1,93.54,1.55,94.7,44,54,0,"32,786","42,549","14,859",95,0,3,0,0,0,0,2,22.1,63.3,14.7,71.7,75.2,24.8,3.8,98.8,13.5,16.3,66,27,8,"59,096",34,66,85.7,14.3
2607000,510170,Mountain Pine School District,71956,584,13,6,11697,0.2,1,6.5,0.7,3.8,80.3,7.5,18,83,2,17.97,18.15,17.35,16.97,18.79,2,,1,14,0,0,97.27,0.75,90.4,57,41,2,"3,579","41,250","1,392",89,5,1,0,0,0,0,5,18,51.7,30.3,61.3,64.2,35.7,,,,,,,,,,,,
6901000,510200,Mountain View School District,72560,1573,13,13,10440,0.4,0.3,0.4,0.1,2.3,95.6,1,15,71,0,19.88,20.92,20.25,18.03,19.83,1,8,,25,,,95.19,0.28,99.5,32,66,2,"12,338","36,239","4,953",95,0,2,0,0,0,0,3,28.5,56.9,14.6,47.5,63.6,36.3,1.8,97.6,29.1,31.2,66,26,8,"42,390",27.5,72.5,78.1,21.9
1703000,510260,Mountainburg School District,72946,619,13,11,10797,2.7,0.3,0.8,0.2,3.2,92.4,0.3,17,74,1,18.13,18.79,17.68,17.21,18.26,,,,1,,,93.37,1.32,100,68,32,0,"4,404","48,286","1,805",94,0,2,0,1,0,0,3,25.2,46,28.9,57.5,83.5,16.6,2.7,96,2.1,9,91,6,3,"65,491",13.4,86.6,77.3,22.7
2306000,510080,Mt. Vernon/Enola School District,72111,512,15,8,9087,1.2,0.4,2,0,0.6,95.9,0,13,62,,19.48,20.21,18.45,19.06,19.76,,,1,1,0,0,94.41,0,100,61,39,0,"2,673","57,887",997,98,0,2,0,0,0,0,1,31.7,49,19.3,71.3,69.3,30.7,1.2,97.1,12.4,17.9,77,8,13,"74,688",20.5,76.9,84.1,15.9
1704000,510290,Mulberry/Pleasant View Bi-County Schools,72947,421,10,6,11548,1.2,0.7,0.2,0,1.7,94.5,1.7,19,74,1,18.14,18.91,17.73,17.27,18.36,,,,7,,,92.38,2.23,93.3,57,43,0,"3,890","38,256","1,626",93,0,2,1,2,0,0,1,13,51.8,35.1,61.7,79.9,20.1,9,100,21.5,24.2,79,10,13,"52,222",14.5,85.5,68,32
6002000,510680,North Little Rock School District,72114,8076,20,8,11217,0.7,1.1,59.3,0.1,9.5,28.1,1.1,12,74,7,18.2,18.78,17.74,17.53,18.14,,15,42,183,0,0,93.21,2.36,93.3,45,31,1,"55,764","40,391","22,544",46,43,6,1,0,0,0,3,8.6,37.1,54.4,68.2,68.7,31.3,8.9,96.9,32.6,25.8,37,53,8,"38,142",63.8,36.2,79.6,20.4
3105000,510380,Nashville School District,71852,1924,14,17,9532,0.2,0.2,21.5,0.2,23.3,53.4,1.2,14,73,15,18.62,18.55,18.53,18.15,18.48,,,,1,,,98.58,0.45,93.7,35,65,0,"9,090","37,203","3,352",57,22,18,0,0,0,0,2,17.6,54.3,28.2,65.6,72.7,27.3,7.6,88.6,34.9,30.5,61,38,0,"32,346",35,65,75.7,24.3
1503000,510410,Nemo Vista School District,72027,461,9,7,11948,0,1.1,1.3,0,2.8,91.5,3.3,19,70,0,18.32,18.53,17.12,18,19.06,,,,,,,95.45,0,96.4,58,42,0,"2,585","51,058",998,92,4,2,0,1,0,0,1,25.2,54.3,20.4,52,64.2,35.7,8.1,99.1,22.2,18,66,15,20,"60,417",16.4,83.6,84.7,15.3
1611000,510440,Nettleton School District,72401,3585,16,11,10344,0.2,1.4,48.3,0.1,9.6,36.5,4,18,72,6,18.96,19.46,18.33,18.16,19.23,1,8,,1,,,93.23,1.39,96.9,44,42,2,"25,506","42,540","10,158",68,20,6,1,1,0,1,4,47.5,45.3,7.2,85.1,59.2,40.8,14.4,97.7,16.6,17.8,45,40,12,"52,829",57,42.7,83.3,16.7
5008000,500030,Nevada School District,71858,394,11,8,11053,0.3,0.3,32.5,0,2.3,57.4,7.4,12,77,2,17.18,17.54,16.68,16.43,17.21,,4,,,,,93.72,1.1,100,49,35,0,"2,960","35,456","1,227",70,29,0,0,0,0,0,1,10,52.9,37,46.9,64.3,35.7,13.2,92.7,34,35.4,51,42,9,"40,565",13.8,86.2,63.2,36.8
3403000,500023,Newport School District,72112,1134,15,11,10851,0.4,0.6,35.3,0,7.6,51.3,4.9,24,79,2,17.14,17.51,16.26,17.33,17.1,2,1,5,7,0,0,94.17,4.43,86.4,45,55,0,"10,987","29,631","3,441",71,19,3,0,0,0,0,7,11,50.1,38.9,61.3,71.9,28.1,6.1,99,40.5,39.1,46,44,10,"35,000",40.4,59.6,71.5,28.5
304000,510560,Norfork School District,72658,423,10,8,10019,0,0,0,0,1.9,96.5,1.7,12,76,,19.57,20.33,18.48,18.67,20.14,,,,,,,95.84,0,93.5,68,28,0,"3,520","36,566","1,573",95,0,2,2,0,0,0,1,27.9,60.3,11.7,61.7,69.3,30.8,2.1,98.1,20.4,20.8,83,17,0,"55,938",7.5,92.5,71.6,29.6
504000,510920,Omaha School District,72662,398,11,7,11997,1.5,0.3,0.5,0,4,92,1.8,15,76,0,19.39,20.52,17.83,19.17,19.96,,,,45,,,93.29,1.12,94.6,50,43,8,"2,613","35,625","1,046",96,0,1,0,2,0,0,2,29.5,54.2,16.3,69.4,69.4,30.5,6.6,93.7,22.4,36.5,75,17,6,"32,721",21.2,76.9,75.3,24.7
4713000,510950,Osceola School District,72370,1067,14,9,13046,0,0.7,82.8,0,3.5,10.4,2.6,13,90,2,15.31,15.03,13.6,15.38,16.58,,,,14,,,92.11,1.89,70.9,63,35,0,"7,089","29,718","2,909",38,54,7,0,0,0,0,1,5.5,54.7,39.8,59.2,67.1,33,6.4,90.4,45.1,45.5,32,59,8,"27,047",73.5,26.5,74.1,26.3
5706000,500073,Ouachita River School District,71953,733,10,11,9976,1.8,1.8,0.5,0,2.6,91,2.3,11,72,1,19.15,20.17,18.07,18.43,19.28,,1,,,,,92.56,0.6,91.8,46,54,0,"4,335","36,695","1,720",94,1,3,0,1,0,0,2,21.2,53,25.8,58.4,72.6,27.4,6.2,98.7,18.8,32.2,68,23,7,"60,469",16.1,83.9,76,24
3005000,510980,Ouachita School District,71941,519,14,8,9317,0,0.2,0,0,2.5,95.8,1.5,14,55,0,19.54,19.84,19.51,17.76,20.57,,,,,,,95.96,0,97.1,46,54,0,"1,728","45,156",681,97,1,1,0,0,0,0,1,18.9,50,31.1,65.8,70,30,14.8,96.8,14.6,29.7,65,24,8,"38,977",24.3,75.7,75.9,24.1
6505000,500076,Ozark Mountain School District,72675,620,9,6,10823,1.5,0,0,0,3.1,94.4,1.1,17,73,0,17.11,18.24,16.26,16.39,16.74,,2,1,,0,0,92.59,0.34,78,59,40,2,"5,356","36,790","2,105",94,0,2,2,1,0,0,1,19,48.2,32.6,69,75.9,24.1,9.6,98.1,11.6,18.8,84,13,5,"51,282",31.3,68.8,82.5,17.5
2404000,511010,Ozark School District,72949,1727,14,15,9481,0.6,0.5,0.1,0.3,2.7,93.6,2.1,11,61,1,19.47,20.63,19.52,18.06,19.04,,,,2,,,96.74,0.49,97,59,41,0,"10,414","36,138","4,084",91,1,4,1,0,0,0,2,24.3,54.6,20.9,60.7,71.7,28.4,8.1,97.3,22.7,25.1,86,13,2,"48,333",36.5,62.9,78.8,21.2
6205000,500051,Palestine-Wheatley Sch. Dist.,72372,798,17,8,7678,0.1,0.4,11,0,1.9,86.6,0,12,86,1,19.24,19.41,19.61,18.22,18.98,,,2,1,0,0,91.88,1.89,91.5,58,25,0,"2,481","37,214","1,032",72,26,2,0,0,0,0,1,8.3,69.2,22.5,50.5,67.1,32.9,9.3,100,9.2,37.3,63,18,16,"61,875",27.5,72.5,77.6,22.4
7309000,511070,Pangburn School District,72121,804,14,11,9447,0,0,0.9,0.1,3.1,95.3,0.6,11,63,,18.45,19.06,17.2,17.53,19.5,1,2,,,,,95.6,0.46,95.7,48,49,0,"3,741","41,955","1,580",96,0,1,0,0,0,0,3,32.4,46.1,21.6,76.5,79.6,20.3,8.2,100,28.1,6,75,23,2,"65,530",24.1,75.9,78,22
2808000,500017,Paragould School District,72450,3115,17,11,9627,0.3,0.7,6.4,2.1,6.1,81.3,3.2,18,70,7,19.02,19.67,19.03,17.75,18.85,,11,6,16,0,0,91.97,1.44,97.1,37,57,0,"20,906","43,285","7,943",93,3,2,0,0,0,0,2,21.2,48.9,29.8,72.1,76.6,23.3,12.8,96.4,16.8,30.3,55,29,14,"56,894",41.9,58.3,78.9,21.1
4203000,511130,Paris School District,72855,1005,12,11,10596,0.3,2.3,2.7,0,2.6,88.6,3.6,11,75,2,17.84,18.35,17.18,17.23,18.08,,,12,3,0,0,97.06,0.21,96.2,69,30,1,"7,095","33,011","2,848",85,3,2,5,2,0,0,3,14.4,46.9,38.6,71.4,83.3,16.6,7.9,100,43.7,45.2,59,32,7,"42,589",42.9,57.1,76.5,23.8
7007000,511220,Parkers Chapel School Dist.,71730,799,15,12,9043,0.5,0,8.9,0,3.8,83.4,3.5,10,38,1,20.21,20.54,20.11,19.63,20.02,,1,,,,,95.18,0.3,98.6,75,19,3,"3,041","66,838","1,119",92,4,2,0,0,0,1,1,25.6,58.5,16,74.6,64,36,3.8,97.1,9.7,7.9,72,25,2,"97,561",15.7,84.3,91,9
407000,503030,Pea Ridge School District,72751,2231,19,8,8738,1.6,0.5,0.9,0.1,8.3,87.1,1.5,14,38,3,19.08,19.92,18.33,18.49,18.96,,3,2,4,0,0,95.22,1.72,95.2,60,38,2,"8,701","58,630","3,034",91,1,6,0,2,0,0,1,26.3,59.3,14.4,64.2,86.6,13.2,3.8,92.7,11.2,17,73,19,6,"73,449",29.1,70.9,86.7,13.3
5303000,511340,Perryville School District,72126,913,13,12,9255,0,0.3,0.4,0,3.1,93.4,2.7,18,65,,19.01,19.74,18.73,18.42,18.61,,,,1,,,93.51,2.04,97.8,33,67,0,"5,509","40,805","2,061",93,1,2,0,1,0,0,4,23.2,56,20.9,74.6,71.6,28.6,13.4,100,35.5,33.1,61,18,21,"48,182",36.4,63.6,65.1,35.4
1104000,511370,Piggott School District,72454,820,13,11,9319,0,0,1.1,0,2.2,94.9,1.8,18,60,1,17.13,18.3,16.28,16.17,17.47,1,,,,,,95.83,0,97.7,52,48,0,"5,427","34,792","2,410",96,1,1,0,1,0,0,1,7.8,48.7,43.6,64.9,79.1,20.9,7.7,97.3,16.9,14.3,56,28,14,"42,917",36.2,62.9,88.8,11.2
3505000,500026,Pine Bluff School District,71601,2921,16,14,13330,0.2,0.4,96.8,0,1,1.2,0.3,14,85,1,15.52,15.53,13.79,15.81,16.21,8,7,9,71,0,0,91.77,4.03,74.3,63,34,3,"27,779","33,922","11,971",19,78,1,1,0,0,0,1,9,41.7,49.2,54.3,72.7,27.2,5.2,95.5,32.8,34.1,39,55,5,"39,722",49.9,50.1,80.8,19.4
6103000,511610,Pocahontas School District,72455,2063,14,12,8480,0.2,0.7,0.9,9.6,3.6,81.6,3.3,15,61,10,21.59,21.42,21.19,21.26,21.75,,,,,,,93.1,0.76,97.2,55,43,1,"11,132","40,377","4,754",94,1,2,0,1,0,0,3,11.4,61.4,27,69.6,84.4,15.7,4.4,99.7,15.2,17.8,62,18,18,"56,469",35.7,64.3,78.8,21.2
5804000,511700,Pottsville School District,72858,1729,15,13,8639,0.6,0.9,1.3,0,7.8,89.4,0,16,41,4,21.45,22.68,22.41,19.2,20.85,,,,1,,,95.69,0,97.2,58,42,0,"6,874","44,852","2,413",90,0,6,0,0,0,0,4,37.7,52.7,9.6,74.1,82.5,17.4,13,99.3,27.8,29.8,57,37,6,"45,000",24.7,75.3,74.8,25.5
2703000,511730,Poyen School District,72128,582,15,10,8843,0,0.3,0.5,0,3.3,93.8,2.1,18,51,1,19.51,19.82,18.51,18.84,20.08,,1,,1,,,94.32,0,93.2,53,47,0,"1,359","47,708",435,94,0,6,0,0,0,0,0,23.8,51.5,24.6,58.2,72.1,27.9,7.5,97.1,21.2,31.6,74,26,0,"57,670",28.9,71.1,78.7,21.3
7206000,511760,Prairie Grove School District,72753,2019,17,12,8442,3.4,1.2,2,0.3,5.7,86.6,0.8,11,41,3,20.35,20.82,20.07,19.62,20.25,,1,12,36,0,0,95.63,1.2,96.2,55,43,1,"10,518","68,407","3,743",94,0,2,1,2,0,0,1,36.1,43.5,20.4,79.9,80.8,19.3,1.5,96.4,4.8,10.4,87,6,8,"74,375",15.4,85.1,79.2,20.6
5006000,511820,Prescott School District,71857,916,13,8,10323,1.3,1.2,39.8,0,6.9,50.8,0,10,76,5,17.68,18.32,17,16.97,17.89,6,,,2,,,96.84,0.22,93.4,56,43,0,"4,600","39,244","1,733",56,42,1,0,0,0,0,1,9.6,40.7,49.7,55.8,70.4,29.7,,,,,,,,,,,,
6003000,511850,Pulaski County Special School District,72216,11801,16,4,11998,0.4,2.2,42.9,0,9.7,41.5,3.3,14,49,6,18.19,18.86,17.49,17.44,18.35,11,23,48,237,1,0,93.62,1.82,94.1,47,45,4,"124,733","60,694","47,954",68,23,4,2,0,0,0,3,36.1,49.2,14.7,79.1,70.8,29.2,7.7,97.5,15.8,17.1,57,31,11,"67,534",37.3,62.7,84.4,15.7
1203000,511880,Quitman School District,72131,731,13,7,9398,0.1,0.1,0.7,0,1.9,96,1.1,15,62,0,20.62,21.14,20.32,19.09,21,2,,,1,,,95.79,0.85,97.6,54,46,0,"5,173","50,161","2,230",97,1,1,0,1,0,0,1,26.6,54.7,18.5,71.2,63.4,36.7,10.3,100,27.2,19.5,73,14,10,"71,210",28.6,72.7,73.7,26.3
1106000,504370,Rector School District,72461,553,13,9,10320,0,0,0.7,0,3.1,96.2,0,15,73,1,19.38,19.82,18.38,19.03,19.41,,,,4,,,98.06,0.38,81.4,53,36,0,"4,186","40,442","1,653",96,0,2,0,1,0,0,1,7.2,43.3,49.5,65.2,80.1,19.9,7,98.1,21.2,27.8,67,27,6,"65,729",35.4,64.6,86.8,13.2
4706000,500045,Rivercrest School District,72395,1109,14,10,10467,0.1,0.4,26.1,0,7.1,64.4,2,13,76,2,18.91,18.54,18.22,18.76,19.43,2,1,,4,,,95.62,0.73,93.1,64,29,6,"5,879","35,904","2,110",68,26,3,0,0,0,0,3,10.2,52.3,37.7,60.2,70.2,29.9,7,96.8,29.5,35.5,49,41,10,"43,906",43.5,56.5,81,19
1613000,500012,Riverside School District,72437,762,13,12,9324,0.4,0,1.7,0,6.3,91.1,0.5,19,59,1,19.56,20.67,19.56,17.94,19.22,,,3,1,0,0,93.71,0,100,49,51,0,"4,370","44,704","1,740",95,1,4,0,0,0,0,1,13.4,45.5,41.1,67.5,85,15.1,16.8,97.8,18.1,25,63,30,7,"53,603",30.4,70.7,84.1,16.6
7307000,508400,Riverview School District,72143,1192,15,11,11193,0,0.3,10,0.1,16.4,67.6,5.6,13,76,7,16.94,17.54,16.08,16.15,17.42,3,5,10,35,0,0,94.84,1.74,100,53,47,0,"7,472","32,909","2,922",78,8,10,2,0,0,0,3,22.1,50.1,27.7,69.4,56.3,43.6,8.8,98.1,33.8,29.4,52,32,14,"32,807",44.4,55.6,74.2,25.8
405000,511970,Rogers School District,72756,15721,19,12,9847,0.7,1.9,1.7,1.9,47,44.1,2.8,12,55,29,19.39,20.02,18.83,18.71,19.4,26,21,8,23,0,0,94.09,1.17,96.2,45,54,1,"93,258","58,494","34,958",66,1,27,2,1,1,0,2,28.8,61.1,10.1,61.7,75.4,24.6,3.7,92.3,13.8,11.1,73,21,5,"60,549",38,62,84,16
7310000,512000,Rose Bud School District,72137,745,13,9,10472,0.7,0.4,0.3,0,4.6,94.1,0,16,58,2,19.75,21.42,19.17,18.15,19.92,,2,,4,,,95.32,0.79,96.2,53,41,0,"4,235","53,198","1,586",85,0,6,1,6,0,0,3,25.9,57.6,16.5,70.1,55.9,44.1,5.6,99.4,15.1,21.9,83,15,2,"63,289",14.6,84.4,78,22
5805000,512060,Russellville School District,72801,5217,17,11,10928,0.3,1.6,6.6,0.1,24.6,61.7,5.1,13,58,15,20.05,20.69,19.59,19.01,20.33,1,11,10,50,0,0,95.38,1.06,94.8,52,46,1,"38,768","41,440","13,361",78,4,13,1,1,0,0,3,19.2,61,19.8,75.6,70.2,29.8,3.1,98.9,17.7,18.6,67,20,12,"47,832",39.7,60.3,82.9,17.1
2502000,512090,Salem School District,72576,841,15,11,8700,0.4,0.4,0.4,0,2.5,93.5,3,14,64,0,20.04,20.1,20.69,18.82,19.92,,,,,,,94.23,0,98.7,37,63,0,"4,535","36,691","1,963",91,0,4,0,0,0,0,5,16.7,59.3,23.9,56.9,71.2,28.9,5.4,99.2,23.5,21.8,55,31,6,"55,071",17.9,82.1,80.4,20.6
4204000,512180,Scranton School District,72863,450,11,5,8684,0,3.8,1.3,0,3.8,89.6,1.6,15,61,2,19.2,19.4,18,18.54,20.11,,2,,,,,95.41,1.03,98.3,68,29,0,"2,570","47,129",939,94,1,1,1,2,0,0,1,14.7,50.4,34.9,71.1,87.3,12.7,11.1,97.8,12.1,12.5,77,13,13,"68,036",14.3,85.7,90.7,8.2
6502000,509480,Searcy County School District,72650,784,12,11,12093,0.3,0.3,0.1,0,2.9,94.4,2,13,72,0,19.38,19.96,18.69,17.92,20.42,,,,2,,,93.76,1.13,93,33,63,0,"6,733","33,191","2,762",94,1,3,0,1,0,0,1,14.4,56.7,28.9,55.2,78.3,21.7,6.3,96.1,29.6,21.2,74,20,6,"39,911",23,77.9,76.6,23.4
7311000,512210,Searcy School District,72143,4017,18,14,8759,0.1,1.5,10.5,0,9.5,71.8,6.5,14,51,4,21.02,21.69,21.2,19.57,21.08,,1,27,26,0,0,93.94,1.85,99.1,49,50,1,"33,350","45,795","11,720",85,6,5,1,0,0,0,3,31.4,51.1,17.4,75.4,70.5,29.5,7.4,96.1,24,19.2,65,27,7,"63,569",42.8,57.2,79.6,20.6
2705000,500015,Sheridan School District,72150,4151,19,12,8587,0.4,1.5,2.2,0,5.5,88.6,1.7,12,47,3,20.55,21.29,20.14,19.4,20.77,,6,,,,,93.77,0.88,96.7,58,41,0,"26,314","53,999","9,760",92,3,3,1,0,0,0,1,26.6,55.5,17.8,74.6,65.8,34.4,10.4,98.1,12.2,14.3,66,22,11,"73,547",20.7,79.3,81.1,18.9
7104000,512420,Shirley School District,72153,350,12,6,11333,0.6,0.6,2.9,0,1.1,94.6,0.3,15,83,,19.23,19.82,18.5,18.41,19.55,,,,,,,94.05,1.83,81.9,64,31,0,"4,597","37,790","2,008",92,1,6,0,1,0,0,1,19.1,69.4,11.5,63.1,54,46,1.5,94.9,21,27,54,18,29,"44,063",33.3,65.1,78.6,21.4
406000,512450,Siloam Springs School District,72761,4371,21,12,9624,5.6,3.4,1.3,0.4,30.8,54,4.6,14,53,18,19.92,20.53,18.82,19.88,19.85,4,12,7,,0,0,92.64,1.74,96.8,61,34,2,"23,182","51,045","7,734",65,1,21,2,5,0,0,5,21.9,57.5,20.4,58.6,77.3,22.7,5,92.6,25.4,17.6,70,23,7,"49,971",43.9,56.1,75.7,24.3
3806000,512480,Sloan-Hendrix School District,72434,685,13,12,9190,0.6,0.1,0.4,0,2,95.9,0.9,15,72,0,18.8,20.44,18.42,17.02,18.76,,,,,,,94.17,0.9,95.1,45,53,0,"4,081","31,631","1,699",94,0,4,0,0,0,0,1,11,61.1,28,63.4,69.4,30.6,6,96.6,17.3,14.5,55,38,7,"44,792",26.3,73.7,75.4,24.6
7008000,512510,Smackover-Norphlet School District,71762,1062,15,11,10736,0.5,0.6,17.4,0.4,3.7,76.2,1.3,9,58,2,18.85,19.51,18.48,17.98,18.68,,2,,3,,,93.5,0.4,92.1,63,29,0,"5,951","41,486","2,494",79,20,1,0,0,0,0,1,14.5,51.5,34,57.7,75.2,24.7,3.2,96.4,24,23.8,53,38,8,"45,089",32,68,82,17.4
1507000,512520,South Conway County School District,72110,2282,17,12,10084,0.4,0.4,16.5,0.2,7.4,69.2,5.9,15,74,4,18.98,19.57,18.87,17.81,18.98,,,,7,,,94.42,1.25,99,55,41,0,"15,193","39,979","6,200",78,14,5,0,0,0,0,3,17.5,49.4,33.1,64.6,73.6,26.4,11,95.3,24.4,22.3,55,35,9,"50,466",50.7,49.3,87.8,12.2
5504000,510320,South Pike County School District,71958,694,11,17,11184,0.7,0,6.8,0,5.8,83.4,3.3,18,71,2,17.63,17.44,17.19,16.51,18.79,,,,,,,95.3,0.98,97.4,30,70,0,"5,199","37,158","2,126",87,7,3,0,1,0,0,2,18.6,48.4,33.1,59.5,74.8,25.2,13.7,98.1,16.2,22.9,70,17,14,"43,750",37.6,62.4,81.3,18.7
7105000,512570,South Side School District(Vanburen),72013,506,11,8,13445,0.2,0.6,0.8,0,2.2,92.7,3.6,17,59,0,19.07,19.43,18.31,18.45,19.52,,,6,10,0,0,95.86,0.42,100,65,35,0,"3,475","42,348","1,186",93,1,1,0,0,0,0,5,28.4,48.6,23,61.2,72,28,2.2,95.9,21.4,20,71,24,4,"73,438",18.6,81.4,75.8,24.2
3209000,512540,Southside School District (Independence),72501,1993,16,8,9050,0.4,0.6,1.4,0.1,5.8,90.1,1.7,16,60,2,19.19,19.67,19.25,18.02,19.05,,3,,,,,95.45,0.33,93.3,47,37,1,"5,290","40,092","2,110",92,2,3,0,0,0,0,3,18.4,70.7,10.9,68.8,72,28,4.8,100,34.2,30.3,46,33,21,"40,676",40.3,60.5,78.1,21.9
2906000,512630,Spring Hill School District,71801,589,15,12,8762,0.7,0.3,0.8,0.2,5.3,86.9,5.8,10,49,3,19.44,19.61,19.66,18.1,19.71,,1,,,,,93.43,1.08,90,41,57,2,"2,078","61,875",646,88,6,3,0,1,2,0,0,20.5,52.1,27.5,68.1,73.2,26.8,12.5,97.8,12.9,26.2,62,29,10,"64,079",28.6,71.4,79.1,20.9
7207000,512660,Springdale School District,72764,22164,20,12,10114,0.5,1.6,2.3,13.4,47.7,33.1,1.4,11,71,36,19.41,19.85,18.74,18.9,19.61,8,39,3,22,0,0,94.86,1.95,98.5,44,51,4,"102,685","51,983","34,729",56,2,30,3,1,6,0,3,32.7,53.4,13.9,70,68.8,31.2,4.4,89.8,17.7,16.1,67,21,11,"55,397",47.2,52.8,81.7,18.4
4003000,500028,Star City School District,71667,1454,15,9,9756,0.1,0.2,18.3,0.1,8.6,69.5,3.2,11,65,4,18.54,18.89,18.45,17.64,18.69,,1,,2,,,93.62,0.73,87.2,35,65,0,"7,393","46,146","3,068",79,17,4,0,0,0,0,1,21,54.6,24.5,63.5,61.8,38.4,6.1,97.2,17.2,15,74,24,3,"67,357",25.5,74.5,73,27.4
7009000,512930,Strong-Huttig School District,71765,289,13,12,13944,0.3,0,74,0,3.1,21.8,0.7,16,93,,15.3,15.3,13.7,15.55,16.25,,,,,,,97.49,0.75,91.1,57,43,0,"2,817","33,404","1,268",51,43,0,3,3,0,0,0,19,56.7,24.4,37.7,63.3,36.7,9.7,81.6,35.2,32,34,54,10,"37,391",6,94,,
104000,512960,Stuttgart School District,72160,1549,15,10,9596,0.2,1,45.8,0,7.2,41.9,4,15,64,5,18.57,18.95,17.78,18.42,18.55,4,1,6,47,1,1,95.55,1.54,99.3,51,46,2,"9,789","39,273","4,187",62,35,2,0,0,0,0,1,11.9,47.4,40.8,66.2,71.3,28.7,10.9,98.6,28.9,29.9,46,41,7,"43,764",45.8,54.2,82.1,17.9
4605000,513110,Texarkana School District,71854,3887,17,10,11460,0.2,0.3,53.1,0.1,5.4,36.4,4.6,12,71,2,17.19,17.49,16.5,16.86,17.27,13,21,2,20,0,0,93.61,2.83,90.1,47,51,1,"32,894","40,446","12,675",61,31,4,0,1,0,0,2,18,47.7,34.3,71.9,67.3,32.7,7.8,97.7,35.2,26.5,39,51,9,"34,799",52.2,47.8,80.6,19.4
5605000,500047,Trumann School District,72472,1463,18,10,9823,0.1,0.3,12,0,7.7,75.7,4.2,18,74,3,17.86,18.13,17.01,17.55,18.19,4,7,20,118,0,0,95.4,1.95,93.8,52,48,0,"9,799","41,779","3,778",88,4,3,0,0,0,0,5,14.8,49.5,35.6,72.8,79.7,20.2,12.7,93,26.7,29,47,32,20,"48,072",44.4,55.6,66.9,33.1
7510000,500079,Two Rivers School District,72857,794,13,11,10581,0.4,0.5,0.9,0,14.5,81.2,2.5,22,81,9,17.35,18.63,16.61,15.67,17.9,,3,,1,,,93.04,0.75,91.5,62,35,3,"6,685","40,538","2,509",87,0,9,1,1,0,0,1,19.3,56.9,23.6,57.4,71.5,28.5,6.6,99.5,26.1,20.2,76,18,5,"53,882",35.4,64.6,77.4,22
505000,513350,Valley Springs School District,72682,859,13,12,9091,0.6,1,0.6,0.1,1.5,95.6,0.6,11,46,1,19.83,21.47,19.78,18.47,19.25,1,,,,,,94.98,0.73,95.2,55,45,0,"5,114","44,526","1,846",95,0,1,0,2,0,0,2,17.7,57.8,24.6,82.2,84.3,15.6,15.9,92.9,24.1,34.7,66,22,6,"50,875",40.5,59.5,84.2,15.8
1612000,513380,Valley View School District,72404,2865,17,14,9018,0.3,3.3,3.3,0.1,4.5,86.4,2.1,13,27,3,22.28,23.2,22.27,20.73,22.24,,2,,1,,,95.63,0.23,96.6,57,39,4,"11,903","86,220","4,048",91,2,2,3,0,0,0,2,50.2,43.4,6.3,88.4,90.8,9.2,7.2,98.8,0.6,4.4,70,16,15,"108,112",18.4,81.6,87.2,12.8
1705000,513410,Van Buren School District,72956,5637,16,11,9316,1.8,2.5,2.9,0.1,18.1,68.7,5.9,13,60,10,20.02,20.52,19.45,19.34,20.16,1,7,1,21,0,0,94.65,1.18,91.5,73,26,1,"34,874","45,349","13,064",80,2,11,3,1,0,0,3,22.1,59.4,18.6,72.5,77.5,22.6,5.7,94,23.1,24.9,59,31,8,"51,128",35,65,77,23
2307000,513530,Vilonia School District,72173,3063,21,12,9170,0.6,0.2,2.1,0.1,4.8,92.2,0.1,15,42,2,19.93,20.96,19.73,18.86,19.55,,4,6,1,0,0,94.23,0.46,97.2,53,47,0,"15,418","63,634","5,224",95,1,2,1,1,0,0,1,36.9,52.3,10.9,78.1,81.2,18.8,9.6,95.6,7.3,23.5,63,28,6,"71,231",20.8,79.2,83.8,16.2
2503000,513560,Viola School District,72583,357,10,11,11383,0.3,0.3,0.3,0,0.8,96.9,1.4,15,73,,18,18.28,16.84,16.8,19.32,,,,,,,93.37,0,87.5,30,70,0,"3,691","33,393","1,370",99,1,0,0,0,0,0,0,20.3,53.1,26.5,52.8,75.6,24.3,13.8,94.6,32.4,33.8,66,29,5,"48,438",38.5,61.5,89.4,10.6
6401000,513680,Waldron School District,72958,1404,15,12,10618,3,2.6,0.6,0.3,16.5,74.2,2.8,14,76,8,19.96,20.99,19.44,18.73,20.18,,1,8,32,0,0,93.09,1.07,100,64,30,3,"8,305","33,923","3,208",86,0,8,1,2,0,0,2,13,53.4,33.5,52.2,72.5,27.4,6.2,99,29,36.3,68,19,11,"42,531",37,63.7,73,27
602000,500006,Warren School District,71671,1564,16,10,9890,0.3,0,33.6,0.1,24.1,39.6,2.3,12,72,11,17.76,18.47,16.98,16.6,18.17,,3,6,3,0,0,94.31,0,85.3,49,48,1,"8,263","38,597","3,391",53,32,15,0,0,0,0,0,12.6,51.6,35.9,63.6,73.5,26.5,5.6,96.3,33.3,32.9,56,31,13,"40,685",38.9,61.1,72.5,27.5
3509000,513930,Watson Chapel School District,71603,2233,16,12,10173,0,0.9,82.9,0,2,13.2,1,10,79,1,16.54,17,15.56,16.15,16.98,1,4,8,45,1,1,93.18,1.15,87.9,50,48,1,"16,526","43,179","5,759",44,52,2,0,1,0,0,1,16.4,56.4,27.3,56.2,75.9,24.1,3.3,99.1,28.9,39.1,44,50,3,"41,477",43.3,56.7,85.9,14.1
7208000,514010,West Fork School District,72774,977,15,10,9349,2,0.9,1.1,0,5,86.3,4.6,18,50,1,19.67,19.99,19.45,18.51,20.1,,2,,4,,,94.74,0.59,93,58,42,0,"4,822","50,075","1,968",96,0,1,0,1,1,0,1,24.1,57.4,18.6,71.6,76,23.9,1.4,96.2,3.5,3.3,69,19,12,"78,250",31.9,68.1,90.6,9.4
1803000,508040,West Memphis School District,72301,5164,17,13,9908,0,0.3,75.7,0,1.9,21.1,1,12,72,0,16.92,16.72,16.49,16.85,17.08,13,2,,3,,,91.1,1.73,94,60,36,3,"26,936","31,748","10,707",34,60,2,1,0,0,0,4,13.9,50.4,35.8,64.5,71.8,28.3,7.6,95.8,37.9,45.7,38,59,3,"33,040",62.4,37.6,75.3,24.8
1204000,514040,West Side School Dist(Cleburne),72067,456,11,6,13660,0,0,0.4,0,1.3,98,0.2,20,72,,19.68,20.64,19.77,17.23,20.09,,1,1,,1,0,92.09,0.46,95.1,58,40,0,"4,555","39,768","2,107",95,0,1,2,1,0,0,1,30,58.7,11.5,69.4,69.8,30.2,5.9,96.2,20.6,20.6,74,15,12,"55,625",39.7,60.3,78.3,20.9
7509000,500041,Western Yell Co. School Dist.,72842,340,16,10,11131,0.9,3.8,0.9,0,20.3,70.9,3.2,18,84,17,18.29,19,16.86,17.95,18.57,,,1,1,0,0,91.67,0,90.7,47,53,0,"2,564","45,357",898,77,3,18,3,0,0,0,0,22.6,49,28.4,69.7,78,22,10.4,92.5,32.9,47.4,44,56,0,"39,139",38.6,61.4,79.4,20.6
1602000,504020,Westside Cons. Sch Dist(Craigh,72404,1734,15,10,8745,0.1,0,1.7,0.1,3.5,93.1,1.4,15,55,0,19.83,20.66,20.51,17.85,19.6,,7,,,,,95.69,0.75,96.5,60,38,2,"9,063","51,240","3,435",95,1,2,0,0,0,0,2,22.9,58.1,18.8,81.1,80.6,19.4,11.8,94.3,15.5,24.8,67,24,8,"51,731",29.3,70.7,82.7,17
3606000,514020,Westside School Dist(Johnson),72840,617,12,8,9910,0.5,2.3,0.3,0,4.5,92.2,0.2,18,76,2,16.89,17.75,16.06,16.61,16.64,,1,,6,,,93.02,1.16,92.4,63,37,0,"4,419","35,078","1,724",96,0,2,0,0,0,0,2,19.1,48.8,32.2,61,73.6,26.4,15.3,96,20,18.1,77,17,5,"48,387",21.3,78.7,76,24
7304000,504170,White Co. Central School Dist.,72081,782,13,7,9036,0.3,0,0.5,0,10.1,86.8,2.3,13,70,7,17.13,17.6,16,17.18,17.67,,3,,1,,,94.96,0.3,95.6,40,59,1,"3,487","37,097","1,462",90,0,9,0,0,0,0,1,25.9,64.2,10.1,61.6,62.8,37.2,,,,,,,,,,,,
3510000,514140,White Hall School District,71602,2970,18,14,8620,0.2,3.1,23.1,0.5,3,67.8,2.4,12,49,2,19.5,20.08,19.03,18.45,19.8,1,11,10,26,0,0,93.85,1.23,96.9,65,35,0,"13,997","53,725","5,284",75,18,4,2,0,0,0,1,26.2,59.7,14.1,69.7,66.2,33.9,8.4,94.3,16.4,11.5,76,19,5,"76,146",29.5,70.5,82.4,17.4
1505000,514370,Wonderview School District,72063,433,12,8,10390,0.2,0.5,2.1,0,1.2,94,2.1,15,56,,19.41,20.7,18.11,18.19,19.78,1,,,,,,94.81,0,97.1,61,39,0,"3,029","37,411","1,233",90,3,0,0,1,0,0,7,23.9,48.4,27.5,47.3,77,23,2.6,99.1,32,20,69,29,0,"31,409",27.3,70.9,81.4,17.4
1304000,514400,Woodlawn School District,71665,555,13,8,8497,0.4,0,0.4,0,4.7,90.8,3.8,15,49,3,20.35,21.73,20.04,18.87,20.35,,,,,,,93.48,1.76,94.7,67,15,0,"3,135","49,063","1,157",94,1,4,0,0,0,0,1,22.6,57.2,20.2,58.5,70.3,29.6,16.5,100,23,24.2,74,23,1,"75,486",15.2,84.8,77.6,22.4
1905000,514430,Wynne School District,72396,2635,15,14,9128,0.2,0.8,30.6,0,2.8,64.4,1.3,14,60,1,19.81,20.7,19.68,18.49,19.92,7,9,6,15,0,0,94.73,0.93,94.4,50,44,6,"13,650","45,240","5,257",70,24,2,0,0,0,0,4,18,51.5,30.4,68.9,73.1,26.9,6.4,98.3,17.2,16.2,60,29,7,"70,942",36.6,63.4,83.1,16.9
4502000,514490,Yellville-Summit School District.,72687,847,13,10,9491,0.9,0.4,0.8,0,1.5,95.2,1.2,14,74,0,19.59,20.25,19.73,18.18,19.71,,2,,4,,,93.7,0.51,99,51,49,0,"5,666","38,060","2,193",94,2,3,0,0,0,0,1,23.5,54.5,22,71.6,73.1,27,7,100,21.9,30.9,59,36,5,"41,842",29.6,70.4,77.7,23.2